Structure,σ(RT)(S cm-1),Ea (eV),space group,ICSD Entry
LiAlSi3O8,1.30E-10,,2,81980
LiSn2(PO4)3,2.04E-09,,2,83832
Li7BiO6,8.80E-07,0.58,2,155950
Li7SbO6,6.70E-08,0.7,2,413370
Li7P3S11,1.70E-02,0.17,2,157654
Li7P3S11,3.20E-03,0.124,2,157654
LiV(PO4)F,8.10E-07,0.23,2,183876
Li2B3PO8,5.80E-15,0.76,2,248343
Li3BP2O8,9.60E-12,0.62,2,248343
Li2NaBP2O8,4.40E-18,1.21,2,291512
Li4P2O7,<1E-10,1.617,2,248414
LiMgSO4F,5.40E-08,0.54,2,281119
Li6CuB4O10,1.00E-13,0.92,2,4819
Li0.91Hf2.022(PO4)3,<1E-10,0.47,2,
Li7P3S11,8.60E-03,0.29,2,
Li2ZnGeO4,1.00E-07,0.4,7,34362
Li3.8Ge0.8P0.2S4,1.78E-06,0.47,11,
Li3.6Ge0.6P0.4S4,1.75E-04,0.34,11,
Li3.4Ge0.4P0.6S4,6.54E-04,0.28,11,
Li3.35Ge0.35P0.65S4,1.54E-03,0.23,11,
Li3.3Ge0.3P0.7S4,1.74E-03,0.22,11,
Li3.25Ge0.25P0.75S4,2.20E-03,0.207,11,
Li3.2Ge0.2P0.8S4,5.55E-04,0.27,11,
Li4SiS4,5.00E-08,0.56,11,59708
Li7.22Si1.5P0.5O8,1.64E-07,0.48,11,238602
Li4SiO4,5.00E-10,0.55,11,238603
Li4SiS4,1.59E-08,0.56,11,
Li3.8Si0.8P0.2S4,8.11E-07,0.37,11,
Li3.6Si0.6P0.4S4,7.19E-05,0.34,11,
Li3.5Si0.5P05S4,1.66E-04,0.34,11,
Li3.4Si0.4P0.6S4,6.62E-04,0.29,11,
Li3.3Si0.3P0.7S4,1.02E-05,0.36,11,
Li3.2Si0.2P0.8S4,3.20E-06,0.37,11,
Li4SiS4,1.62E-08,0.56,11,
Li3.8Si0.8P0.2S4,8.07E-07,0.37,11,
Li3.6Si0.6P0.4S4,7.11E-05,0.34,11,
Li3.5Si0.5P0.5S4,1.61E-04,0.34,11,
Li3.4Si0.4P0.6S4,6.49E-04,0.29,11,
Li3.3Si0.3P0.7S4,9.84E-06,0.36,11,
Li3.2Si0.2P0.8S4,3.05E-06,0.37,11,
Li3.1P0.9Si0.1O4,7.47E-08,,11,
Li3.5P0.5Si0.5O4,2.89E-06,,11,
Li3.9P0.1Si0.9O4,1.99E-08,,11,
Li3.7P0.3Si0.7O4,3.84E-07,,11,35168
Li3InCl6,2.04E-03,0.35,12,89617
Li2P2S6,7.80E-11,0.48,12,253894
Li0.6[Li0.2Sn0.8S2],1.2E−4,0.17,12,
Li3(Mo8S8O8(OH)8(HWO5(H2O)))*(H2O)18,3.80E-07,0.62,12,412011
Li17Sb13S28,1.05E-09,0.4,12,429902
Li3InBr6,9.04E-04,,12,
Li3YBr6,1.92E-03,0.37,12,
Li0.84Sn0.79S2,1.20E-04,0.17,12,
LiAlSi4O10,1.01E-10,,13,194284
LiPO3,1.00E-09,,13,51630
LiGaBr4,7.00E-06,0.54,14,61337
Li2SO4,1.40E-14,1.1,14,2512
Li3BO3,7.40E-11,0.63,14,9105
Li6Ge2O7,8.50E-07,0.43,14,31050
LiAlCl4,1.00E-06,0.47,14,35275
LiYO2,1.80E-08,0.72,14,45511
LiBO2,1.00E-08,0.71,14,200891
LiClC3H7NO,1.60E-04,0.881,14,238683
LaLiO2,<1E-10,0.92,14,239278
(La0.9Sr0.1)LiO2,6.29E-10,0.62,14,239279
La(Li0.76Mg0.08)O2,7.27E-10,0.66,14,239280
Li2.5V2(PO4)3,1.90E-07,,14,240269
Li4Zn(PO4)2,<1E-10,1.3,14,255464
LiSbO2,<1E-10,0.88,14,262075
Li2Sr2Al(PO4)3,<1E-10,1.02,14,431319
Li2ZrO3,6.10E-10,0.78,15,94894
Li6Zr2O7,5.20E-10,0.68,15,73835
Li3AlF6,5.00E-07,0.54,15,85171
Li2SnS3,1.50E-05,0.59,15,251656
LiTa2PO8,1.60E-03,0.32,15,267438
LiBaP2O7,1.00E-10,,15,280927
Li3Na5(TiS4)2,8.80E-06,0.4,15,391258
LiGd(PO3)4,<1E-10,1.7,15,416442
LiVO3,2.05E-09,,15,51443
Li2CrCl4,<1E-10,1.22,15,202627
Li3ErI6,9.92E-05,0.37,15,
Li3.7Zn0.7Ga0.3(PO4)2,<1E-10,0.91,19,255466
Li3SbS4,1.50E-06,0.518,31,8407
Li3PS4,2.60E-07,0.49,31,180318
LiGaO2,2.40E-14,0.86,33,18152
LiB6O9F,5.40E-24,1.38,33,420286
Li3SbS3,1.00E-07,0.4,33,424834
LiSi2N3,6.17E-08,0.64,36,34118
Li2(PO2N),<1E-10,0.57,36,188493
LiGa2GeS6,3.80E-08,0.47,43,254406
La0.64Li0.08TiO3,3.35E-04,,47,92228
La0.62Li0.14TiO3,4.42E-04,,47,92231
La0.595Li0.215TiO3,8.53E-04,,47,92234
Li0.4Na0.1La0.5Nb2O6,9.92E-06,,47,180629
Li0.3Na0.2La0.5Nb2O6,1.11E-05,,47,180630
Li0.2Na0.3La0.5Nb2O6,1.18E-05,,47,180631
Li0.1Na0.4La0.5Nb2O6,1.21E-05,,47,180632
Li0.07Na0.43La0.5Nb2O6,1.23E-05,,47,180633
Li0.04Na0.46La0.5Nb2O6,5.91E-06,,47,180634
Li0.02Na0.48La0.5Nb2O6,3.99E-06,,47,180635
(Ag0.33Li0.67)0.27La0.57TiO3,1.00E-04,0.3,47,
(Ag0.5Li0.5)0.27La0.57TiO3,2.30E-05,0.28,47,
(Ag0.67Li0.33)0.27La0.57TiO3,2.00E-07,0.37,47,
Pr0.56Li0.34TiO3.01,1.00E-06,0.47,47,
Nd0.55Li0.34TiO3,8.00E-07,0.53,47,
Li0.09La0.77TiO3,1.23E-04,,47,
Li0.15La0.72TiO3,4.14E-04,,47,
Li0.24La0.65TiO3,5.77E-04,,47,
Li0.12La0.75TiO3,2.38E-04,,47,
Li0.16La0.7TiO3,5.21E-04,,47,
Li0.23La0.7TiO3,5.26E-04,,47,
Li5AlO4,5.00E-10,0.99,59,16229
Li14Nd5(Si11N19O5)O2F2,1.70E-10,0.69,59,262923
Li5GaO4,5.00E-09,0.71,61,9082
Li2SiN2,1.60E-07,,61,420126
Li6.5O8P1.5Si0.5,4.49E-07,0.44,62,238600
Li3.4Si0.7S0.3O4,4.21E-07,,62,47145
Li3.2Si0.6S0.4O4,1.32E-06,,62,
Li3.1Si0.55S0.45O4,3.14E-07,,62,
Li6.6SiPO8,1.48E-07,0.49,62,238601
Li4.2Si0.8Al0.2S4,2.40E-08,0.53,62,
Li4.4Si0.6Al0.4S4,3.04E-08,0.52,62,
Li4.6Si0.4Al0.6S4,1.45E-08,0.52,62,
Li4.8Si0.2Al0.8S4,2.25E-07,0.52,62,
Li3.8Si0.8Al0.2S4,2.38E-08,0.53,62,
Li3.6Si0.6Al0.4S4,3.06E-08,0.52,62,
Li3.4Si0.4Al0.6S4,1.45E-08,0.52,62,
Li3.2Si0.2Al0.8S4,2.28E-07,0.52,62,
Li4Zn(PO4)2,<1E-10,1.1,62,255465
Li3.5Zn0.5Ga0.5(PO4)2,<1E-10,1.02,62,255468
Li3PS4,1.60E-04,0.36,62,180319
Li3PO4,<1E-10,1.14,62,20208
Li3PS4,3.00E-07,,62,35018
Li2.88PO3.73N0.14,1.40E-13,0.97,62,79426
Li3PO4,4.20E-18,1.24,62,79427
Li4GeS4,2.00E-07,0.53,62,92200
Li14Zn(GeO4)4,1.00E-06,0.24,62,100169
Li3.75Ge0.75V0.25O4,5.66E-06,,62,150918
Li3.70Ge0.85W0.15O4,3.80E-05,,62,150920
Li0.2Ca0.4TaO3,3.53E-09,0.54,62,151936
Li0.2(Ca0.36Sr0.04)TaO3,9.20E-09,,62,151937
Li2Mg2(MoO4)3,<1E-10,0.71,62,170956
Li4SnSe4,2.00E-05,0.45,62,193768
Li(BH4),1.00E-08,,62,239763
LiZnSO4F,2.80E-05,0.2455,62,261343
Li4GeS4,2.00E-07,0.53,62,290831
Li4SnS4,7.00E-05,0.29,62,290832
Li2ZnI4,4.00E-08,0.58,62,402062
Pr0.53Li0.41TiO3,8.40E-08,0.462,62,
Pr0.54Li0.38TiO3,1.18E-06,0.452,62,
Pr0.55Li0.35TiO3,1.51E-06,0.441,62,
Pr0.56Li0.32TiO3,1.91E-06,0.437,62,
Pr0.57Li0.29TiO3,2.86E-06,0.429,62,
Pr0.58Li0.26TiO3,3.87E-06,0.421,62,
Pr0.59Li0.23TiO3,3.40E-06,0.425,62,
Li2.5Y0.5Zr0.5Cl6,1.40E-03,0.33,62,
Li2.633Er0.633Zr0.367Cl6,1.10E-03,0.35,62,
Li3.33Ge0.33V0.67O4,6.94E-06,,62,
Li3.6Ge0.6V0.4O4,1.97E-05,0.44,62,
Li3.75Ge0.75V0.25O4,1.08E-05,,62,
Li3.5Ge0.5V0.5O4,1.77E-05,,62,66576
Li3.87Sn0.87As0.13S4,1.48E-05,0.39,62,
Li3.855Sn0.855As0.145S4,1.31E-04,0.35,62,
Li3.85Sn0.85As0.15S4,2.08E-04,0.31,62,
Li3.84Sn0.84As0.16S4,5.85E-04,0.29,62,
Li3.83Sn0.83As0.17S4,1.39E-03,0.21,62,
Li3.825Sn0.825As0.175S4,5.18E-04,0.27,62,
Li3.82Sn0.82As0.18S4,2.83E-04,0.35,62,
Li3.8Sn0.8As0.2S4,1.06E-04,0.4,62,
Li3.75Sn0.75As0.25S4,3.69E-06,0.48,62,
Nd0.54Li0.36TiO3,3.42E-08,0.5,62,81047
Pr0.51Li0.39TiO2.96,5.34E-07,0.44,62,81048
Sm0.52Li0.38TiO2.97,2.00E-07,0.64,62,
Li4GeO4,2.80E-10,0.73,63,18096
LiCl*H2O,1.00E-08,0.777,63,281198
Li2MgBr4,7.80E-10,0.77,65,73276
Li0.22La0.60TiO3,4.80E-04,0.391,65,
Li0.18La0.61TiO3,2.00E-04,0.432,65,99398
LiBiO2,3.80E-08,0.1,72,46022
Li2.5Zn0.25PS4,8.40E-04,,82,
LiZnPS4,5.40E-08,,82,95785
Li2Zn0.5PS4,1.30E-04,0.22,82,264462
(Li1.69Zn0.66)PS4,1.30E-04,0.181,82,264462
Li1.5Zn0.75PS4,1.65E-05,0.25,82,264463
(Li1.19Zn0.9)PS4,6.50E-06,0.25,82,264463
(Li0.5Ce0.5)(MoO4),1.30E-08,0.4,88,186450
(Li0.5Ce0.25Pr0.25)(MoO4),1.00E-09,0.5,88,186451
(Li0.5Ce0.25Sm0.25)(MoO4),1.80E-10,0.5,88,186452
Li2TeO4,<1E-10,1.129,91,1485
Li3BN2,1.60E-10,0.67,94,655673
Li2B4O7,1.00E-10,,110,65930
LiY(BH4)4,1.26E-06,,112,239762
LiPN2,1.60E-07,0.4,122,66007
La0.565Li0.305TiO3,9.57E-04,,123,92235
La0.5Li0.5TiO3,9.25E-04,0.39,123,92236
Li0.33La0.5TiO3,1.00E-03,0.15,123,82671
Li0.27La0.57TiO3,3.40E-04,0.38,123,
La0.61Li0.18TiO3,4.12E-04,,123,
La0.55Li0.36TiO3,6.88E-04,0.35,123,
La0.54Li0.39TiO3,6.51E-04,,123,
La0.52Li0.45TiO3,5.01E-04,,123,50434
La0.58Li0.27TiO3,5.99E-04,,123,82672
La0.56Li0.33TiO3,6.68E-04,,123,504435
Li0.31La0.63TiO3,4.11E-04,,123,
Li0.39La0.59TiO3,8.83E-04,,123,
Li0.49La0.55TiO3,9.39E-04,,123,
Li0.68La0.49TiO3,1.03E-03,,123,
Li0.24La0.65TiO3,9.57E-04,,123,
Li0.33La0.58TiO3,8.93E-04,,123,
Li0.36La0.55TiO3,9.34E-04,,123,
Li0.42La0.52TiO3,8.47E-04,,123,
Li0.29La0.57TiO3,4.40E-05,0.453,123,
La0.56Li0.33TiO3,1.65E-04,0.41,123,
La0.56Li0.33TiO3-5wt% Al2O3,1.66E-04,0.24,123,
La0.56Li0.33TiO3-10wt% Al2O3,9.33E-04,0.17,123,
La0.56Li0.33TiO3-15wt% Al2O3,9.56E-05,0.5,123,
Li(LaTiO4),<1E-10,0.83,129,91843
Li(NdTiO4),<1E-10,0.87,129,91844
La0.65Li0.05(Mg0.5W0.5)O3,1.80E-07,0.46,129,151900
La0.63Li0.11(Mg0.5W0.5)O3,6.80E-06,0.38,129,151901
La0.62 Li0.14(Mg0.5W0.5)O3,1.20E-05,0.37,129,151902
Li4PS4I,1.20E-04,0.37,129,432169
Li9.75Sn0.75P2.25S12,3.57E-03,,137,
Li6ZnO4,9.40E-09,0.61,137,62137
Li9.42Si1.02P2.1S9.96O2.04,1.10E-04,0.238,137,
Li9.54Si1.74P1.44S11.7Cl0.3,2.53E-02,0.238,137,
Li10GeP2S11.7O0.3,1.15E-02,0.155,137,
Li10(Si0.5Sn0.5)P2S12,4.28E-03,0.29,137,
Li9P3S9O3,4.27E-05,0.311,137,
Li10.05Ge1.05P1.95S12,1.22E-02,0.28,137,
Li10.2Ge1.2P1.8S12,1.32E-02,,137,
Li10.5Ge1.5P1.5S12,1.10E-02,,137,
Li10GePS12,1.21E-02,,137,188887
Li10.35Ge1.35P1.65S12,1.44E-02,0.269,137,193947
Li3.475Si0.475P0.525S4,5.27E-03,,137,
Li3.45Si0.45P0.55S4,6.73E-03,0.27,137,
Li3.425Si0.425P0.575S4,5.65E-03,,137,
Li3.4Si0.4P0.6S4,4.21E-03,,137,
Li3.335Sn0.33P0.67S4,3.73E-03,,137,
Li3.3Sn0.3P0.7S4,3.65E-03,,137,
Li3.285Sn0.28P0.72S4,4.36E-03,,137,
Li3.27Sn0.27P0.73S4,4.96E-03,,137,
Li3.26Sn0.26P0.74S4,4.53E-03,,137,
Li3.25Sn0.25P0.75S4,3.60E-03,,137,
Li10SiP2S12,2.30E-03,0.196,137,
Li10SnP2S12,7.00E-03,0.27,137,193755
Li10GeP2S12,2.46E-02,0.274,137,241439
Li10(Ge0.776Sn0.224)P2S12,1.41E-02,0.276,137,255748
Li10SnP2S12,3.98E-03,0.305,137,255750
Li10(Ge0.416Sn0.584)P2S12,7.43E-03,0.285,137,255757
Li10.35Si1.35P1.65S12,6.50E-03,,137,252037
Li9.81Sn0.81P2.19S12,5.50E-03,,137,252040
Li10GeP2S12,1.20E-02,0.25,137,255749
Li10.2Si1.2P1.8S12,4.16E-03,,137,
Li10.275Si1.275P1.725S12,5.61E-03,,137,
Li10.35Si1.35P1.65S12,6.68E-03,,137,
Li10.425Si1.425P1.575S12,5.22E-03,,137,
Li10GeP2S12,1.21E-02,,137,
Li10.05Ge1.05P1.95S12,1.25E-02,,137,
Li10.2Ge1.2P1.8S12,1.36E-02,,137,
Li10.35Ge1.35P1.65S12,1.41E-02,,137,
Li10.5Ge1.5P1.5S12,1.09E-02,,137,
Li9.79Sn0.79P2.21S12,4.56E-03,,137,
Li9.81Sn0.81P2.19S12,4.98E-03,,137,
Li9.87Sn0.87P2.13S12,4.32E-03,,137,
Li9.9Sn0.9P2.1S12,3.66E-03,,137,
Li10SnP2S12,3.65E-03,,137,
Li10.2(Sn0.2Si0.8)1.2P1.8S12,7.82E-03,,137,5667
Li10.5(Sn0.2Si0.8)1.5P1.5S12,8.79E-03,,137,5668
Li10.35(Sn0.2Si0.8)1.35P1.65S12,1.08E-02,,137,5669
Li10.35(Sn0.27Si1.08)P1.65S12,1.10E-03,0.197,137,257946
Li10.2(Sn0.2Si0.8)1.2P1.8S12,2.69E-03,,137,257948
Li10GeP2S12,1.43E-03,0.24,137,
Li9.8Ba0.1GeP2S12,5.61E-04,,137,
Li9.6Ba0.2GeP2S12,5.72E-04,,137,
Li9.4Ba0.3GeP2S12,7.07E-04,0.29,137,
Li9.2Ba0.4GeP2S12,3.16E-04,,137,
Li9Ba0.5GeP2S12,9.98E-05,,137,
Li10GeP2S12,5.00E-03,0.35,137,
LiLaNb2O7,<1E-8,,139,72566
Li4Sr3Nb5.77Fe0.23O19.77,<1E-10,,139,87823
Li4Sr3Nb6O20,<1E-10,,139,87824
Li4Sr3.056Nb6O20,<1E-10,0.74,139,109168
LiScO2,1.00E-12,0.87,141,36124
r-LiAlO2,1.10E-12,0.97,141,99517
Li3BN2,8.70E-08,0.55,141,155126
Li4SrN2,2.30E-13,0.9,141,87413
LiScO2,<1E-10,1.047,141,257819
Li0.9Sc0.9Zr0.1O2,<1E-10,0.912,141,257820
Li7La3HfO12,9.85E-07,0.53,142,174202
Li7La3Zr2O12,1.63E-06,0.54,142,183684
Li7La3Zr2O12,5.00E-07,0.59,142,
Li7La3Zr2O12,9.90E-06,0.43,142,238687
LiGaSiO4,3.00E-16,0.9,146,65125
LiGa0.5Al0.5GeO4,<1E-10,1.06,146,257740
LiAlGeO4,<1E-10,0.97,146,257741
LiGaGeO4,<1E-10,1.12,148,257739
LiTi2(PO4)3,1.61E-04,0.21,148,
Li1.2Ti1.8Al0.2(PO4)3,4.82E-03,0.18,148,
LiNaSO4,8.80E-10,,159,14364
Li3.333Mg0.333P2S6,8.20E-08,0.517,162,95606
Li2.667Mg0.667P2S6,4.00E-06,0.46,162,95607
Li4P2S6,2.38E-07,0.29,162,242170
Li4P2S6,1.60E-10,0.48,162,
Li3YCl6,5.39E-04,0.4,164,
Li3ErCl6,3.30E-04,0.41,164,50151
Li4.4Al0.4Ge0.6S4,4.33E-05,0.38,164,235201
Li4.4Al0.4Sn0.6S4,3.60E-06,0.15,164,235207
Li5NCl2,1.20E-06,0.5,166,84763
LiHf2(PO4)3,2.83E-07,,167,
LiZr2(PO4)3,2.96E-10,,167,201935
LiGe2(PO4)3,3.33E-07,,167,263767
Li1.1Ti1.9Sc0.1(PO4)3,3.89E-04,0.3,167,
Li1.2Ti1.8Sc0.2(PO4)3,2.51E-03,0.25,167,
Li1.3Ti1.7Sc0.3(PO4)3,7.91E-04,0.28,167,
Li1.4Ti1.6Sc0.4(PO4)3,1.99E-04,0.31,167,
Li1.5Ti1.5Sc0.5(PO4)3,9.74E-05,0.32,167,
LiTi2(PO4)3,7.61E-06,0.38,167,95979
LiGe2(PO4)3,4.83E-09,0.654,167,69763
Li1.2Al0.2Ge1.8(PO4)3,4.83E-05,0.387,167,263760
Li1.4Al0.4Ge1.6(PO4)3,1.88E-04,0.407,167,263762
Li1.5Al0.5Ge1.5(PO4)3,3.36E-04,0.426,167,263763
Li1.7Al0.7Ge1.3(PO4)3,2.64E-04,0.45,167,263765
Li1.8Al0.8Ge1.2(PO4)3,1.37E-04,0.429,167,263766
LiTi2(PO4)3,1.00E-04,,167,
Li1.2Ti2Si0.2P2.8O12,8.60E-05,,167,
Li1.3Ti2Si0.3P2.7O12,3.20E-04,,167,
Li1.4Ti2Si0.4P2.6O12,1.50E-04,,167,
Li1.5Ti2Si0.5P2.5O12,9.60E-05,,167,
Li1.3Al0.3Ti1.7(PO4)3,3.00E-03,,167,
Li1.4Al0.4Ti1.6(PO4)3,3.88E-04,,167,
Li1.5Al0.5Ti1.5(PO4)3,2.48E-04,,167,
Li1.2Cr0.2Ti1.8(PO4)3,1.82E-05,,167,
Li1.3Cr0.3Ti1.7(PO4)3,3.51E-05,,167,
Li1.4Cr0.4Ti1.6(PO4)3,1.49E-04,,167,
Li1.5Cr0.5Ti1.5(PO4)3,3.86E-04,,167,
Li1.6Cr0.6Ti1.4(PO4)3,1.26E-04,,167,
Li1.7Cr0.7Ti1.3(PO4)3,8.05E-06,,167,
Li1.2Ga0.2Ti1.8(PO4)3,1.62E-04,,167,
Li1.3Ga0.3Ti1.7(PO4)3,2.61E-04,,167,
Li1.4Ga0.4Ti1.6(PO4)3,1.28E-04,,167,
Li1.5Ga0.5Ti1.5(PO4)3,1.22E-04,,167,
Li1.2Fe0.2Ti1.8(PO4)3,1.80E-04,,167,
Li1.3Fe0.3Ti1.7(PO4)3,2.46E-04,,167,
Li1.4Fe0.4Ti1.6(PO4)3,3.92E-04,,167,
Li1.2Sc0.2Ti1.8(PO4)3,6.90E-04,,167,
Li1.3Sc0.3Ti1.7(PO4)3,7.03E-04,,167,
Li1.4Sc0.4Ti1.6(PO4)3,5.15E-04,,167,
Li1.5Sc0.5Ti1.5(PO4)3,2.53E-04,,167,
Li1.2In0.2Ti1.8(PO4)3,3.90E-04,,167,
Li1.3In0.3Ti1.7(PO4)3,3.93E-04,,167,
Li1.4In0.4Ti1.6(PO4)3,3.02E-04,,167,
Li1.5In0.5Ti1.5(PO4)3,2.04E-04,,167,
Li1.2La0.2Ti1.8(PO4)3,8.00E-05,,167,
Li1.3La0.3Ti1.7(PO4)3,5.23E-04,,167,
Li1.4La0.4Ti1.6(PO4)3,4.98E-04,,167,
Li1.5La0.5Ti1.5(PO4)3,2.81E-04,,167,
Li1.5Fe0.5Ti1.5(PO4)3,1.74E-04,,167,55751
Li0.87Hf2.032P3O12,1.29E-05,0.33,167,83501
Li1.2Al0.2Ti1.8(PO4)3,5.95E-04,,167,427621
Li(Ti1.4Sn0.6)(PO4)3,2.28E-05,0.32,167,183672
Li(Ti0.6Sn1.4)(PO4)3,9.42E-06,,167,183676
Li(Ti0.4Sn1.6)(PO4)3,3.15E-06,,167,183677
Li1.15Y0.15Zr1.85(PO4)3,1.40E-04,0.39,167,191891
LiZr2(PO4)3,1.00E-09,0.76,167,201935
Li1.3(Al0.3Ti1.7)(PO4)3,8.02E-07,,167,253240
Li1.3(Al0.23Ga0.07Ti1.7)(PO4)3,4.46E-06,,167,253241
Li1.3(Al0.23Sc0.07Ti1.7)(PO4)3,1.94E-07,,167,253242
Li1.3(Al0.23Y0.07Ti1.7)(PO4)3,3.84E-08,,167,253243
Li1.3Al0.3Ti1.7(PO4)3,7.00E-04,,167,257190
LiZr2(PO4)3,8.50E-05,,167,
Li1.025Y0.025Zr1.975(PO4)3,1.28E-04,,167,
Li1.05Y0.05Zr1.95(PO4)3,1.30E-04,,167,
Li1.1Y0.1Zr1.9(PO4)3,1.00E-04,,167,
Li1.1Al0.1Ge1.9(PO4)3,1.29E-05,,167,
Li1.2Al0.2Ge1.8(PO4)3,1.89E-05,0.46,167,
Li1.3Al0.3Ge1.7(PO4)3,1.91E-04,,167,
Li1.4Al0.4Ge1.6(PO4)3,3.17E-04,0.37,167,
Li1.5Al0.5Ge1.5(PO4)3,3.45E-04,,167,
Li1.6Al0.6Ge1.4(PO4)3,3.94E-04,0.37,167,
Li1.7Al0.7Ge1.3(PO4)3,2.75E-04,,167,
Li1.8Al0.8Ge1.2(PO4)3,1.23E-04,0.43,167,
LiGe2(PO4)3,3.12E-09,0.6,167,
Li0.86Hf2.035(PO4)3,9.20E-08,0.48,167,
Li1.7Al0.3Ti1.6(PO4)3,5.00E-05,,167,
Li1.2In0.2Ti1.8(PO4)3,8.22E-05,0.32,167,
Li1.3Al0.2Sc0.1Ti1.7(PO4)3,9.72E-04,0.25,167,
Li1.3Al0.15Sc0.15Ti1.7(PO4)3,1.24E-03,0.23,167,
Li1.3Al0.1Sc0.2Ti1.7(PO4)3,4.29E-04,0.26,167,
Li1.3Sc0.3Ti1.7(PO4)3,4.52E-04,0.25,167,
Li1.3Al0.3Ti1.7(PO4)3,1.13E-03,0.23,167,257190
LiTi(PO4)3,6.00E-05,0.33,167,
Li1.05Al0.05Ti0.95(PO4)3,1.10E-03,0.31,167,
Li1.1Al0.1Ti0.9(PO4)3,6.70E-04,0.32,167,
Li1.2Al0.2Ti0.8(PO4)3,4.00E-03,0.31,167,
Li1.3Al0.3Ti0.7(PO4)3,6.20E-03,0.3,167,
Li1.4Al0.4Ti0.6(PO4)3,3.30E-03,0.29,167,
Li1.05Cr0.05Ti0.95(PO4)3,1.80E-04,0.33,167,
Li1.1Cr0.1Ti0.9(PO4)3,2.60E-04,0.32,167,
Li1.2Cr0.2Ti0.8(PO4)3,4.30E-04,0.31,167,
Li1.3Cr0.3Ti0.7(PO4)3,2.90E-04,0.32,167,
Li1.05Fe0.05Ti0.95(PO4)3,1.30E-04,0.34,167,
Li1.1Fe0.1Ti0.9(PO4)3,6.30E-04,0.34,167,
Li1.2Fe0.2Ti0.8(PO4)3,1.40E-03,0.32,167,
Li1.3Fe0.3Ti0.7(PO4)3,2.30E-03,0.31,167,
Li1.5Fe0.5Ti0.5(PO4)3,2.70E-04,0.32,167,
LiGe2(PO4)3,3.37E-07,0.38,167,
Li1.3Al0.3Ge1.7(PO4)3,1.42E-04,0.37,167,
Li1.7Al0.7Ge1.3(PO4)3,2.04E-04,,167,
Li1.3Cr0.3Ge1.7(PO4)3,8.87E-05,0.39,167,
Li1.5Cr0.5Ge1.5(PO4)3,1.21E-04,0.37,167,
Li1.7Cr0.7Ge1.3(PO4)3,2.46E-05,,167,
Li1.3Ga0.3Ge1.7(PO4)3,4.47E-05,0.38,167,
Li1.5Ga0.5Ge1.5(PO4)3,2.01E-05,,167,
Li1.3Fe0.3Ge1.7(PO4)3,2.99E-05,0.39,167,
Li1.5Fe0.5Ge1.5(PO4)3,2.56E-05,,167,
Li1.3Sc0.3Ge1.7(PO4)3,5.59E-05,,167,
Li1.3In0.3Ge1.7(PO4)3,9.22E-06,,167,
Li1.5In0.5Ge1.5(PO4)3,5.81E-06,,167,
Li1.5Al0.5Ge1.5(PO4)3,2.86E-04,0.38,167,263764
LiIO3,1.90E-07,,173,35473
Li9Mg3(PO4)4F3,<1E-10,0.835,173,426103
Pb6.12Ca1.9Li1.96(PO4)6,<1E-10,1.05,176,59615
LiNdSiO4,<1E-10,,176,
LiDySiO4,<1E-10,,176,
Li2La8Si6O25,<1E-10,,176,
Li3La7Si6O24,<1E-10,,176,
Li0.284Sm4.512Si3O12.91,<1E-10,,176,83279
LiLa9Si6O26,<1E-10,,176,291218
LiEu9Si6O26,<1E-10,,176,291220
LiAlSiO4,2.00E-09,0.68,181,55665
Li3(NH2)2I,1.00E-05,0.58,186,167528
Ba3LiTa5ZrSi4O26,<1E-10,0.79,189,239277
Li3N,1.20E-03,0.25,191,26540
Li3N,3.00E-04,0.26,191,156894
Fe2Na2K(Li3Si12O30),<1E-10,1.22,192,235750
Li3P,7.03E-04,0.18,194,642223
Li5.5K0.25La2.75Nb2O12,3.19E-03,0.49,199,
Li5.5La3Nb1.75In0.25O12,8.07E-03,0.49,199,
Li6BaLa2Nb2O12,6.00E-06,0.44,199,
Li5La3Nb2O12,8.00E-06,0.43,199,54865
(K0.1Li0.9)(SbO3),1.36E-08,,201,200984
Li8GeP4,1.80E-05,0.435,205,235184
Li8SiP4,4.50E-05,0.404,205,235186
Li3AlN2,5.00E-08,0.45,206,257464
Li2MgTi3O8,<1E-10,0.71,212,86165
Li2CoTi3O8,<1E-10,1.33,212,86166
Li2CoGe3O8,<1E-10,1.49,212,86167
Li2ZnGe3O8,<1E-10,2.14,212,86169
(Li0.61Mg0.39)(Li0.46Mg0.005Ti0.035)Ti1.5O4,6.56E-10,0.685,212,168144
(Li0.55Mg0.45)(Li0.445Mg0.055)Ti1.5O4,1.53E-11,0.786,212,168145
Li5NI2,4.00E-06,,216,16800
Li2VCl4,6.95E-06,,216,74959
Li6PS5Cl0.25Br0.75,1.86E-03,0.328,216,
Li6PS5Cl,2.05E-03,0.452,216,259200
Li6PS5Cl0.5Br0.5,3.33E-03,0.367,216,259201
Li6PS5Br,1.15E-03,0.303,216,259202
Li6PS5Br0.5I0.5,2.62E-05,0.312,216,259203
Li6PS5I,1.30E-06,0.383,216,259204
Li6PS5Cl0.75Br0.25,2.26E-03,0.408,216,259206
Li6PS5Br0.75I0.25,1.12E-04,0.321,216,259209
Li6PS5Br0.25I0.75,4.72E-06,0.351,216,259211
Li6PS5Br,7.01E-04,0.194,216,234584
Li6.025P0.975Si0.025S5Br,8.78E-04,0.196,216,234585
Li6.05P0.95Si0.05S5Br,4.37E-04,0.173,216,234586
Li6.075P0.925Si0.075S5Br,8.73E-04,0.178,216,234587
Li6.1P0.95Si0.1S5Br,7.99E-04,0.22,216,234588
Li6.125P0.875Si0.125S5Br,9.02E-04,0.189,216,234589
Li6.175P0.825Si0.175S5Br,9.31E-04,0.142,216,234591
Li6.2P0.8Si0.2S5Br,1.69E-03,0.25,216,234592
Li6.225P0.775Si0.225S5Br,1.08E-03,0.248,216,234593
Li6.25P0.75Si0.25S5Br,1.41E-03,0.223,216,234594
Li6.3P0.7Si0.3S5Br,1.65E-03,0.236,216,234595
Li6.35P0.65Si0.35S5Br,2.34E-03,0.142,216,234596
Li6.5P0.5Si0.5S5Br,2.19E-03,0.27,216,234597
Li7Ge3PS12,1.10E-04,0.259,216,258187
Li6B0.9PH3.6S4.9,1.80E-03,0.166,216,264526
Li6PS5Cl,1.30E-03,0.33,216,
Li6PS5Br,2.77E-03,0.31,216,267193
Li6P(S4.9Se0.1)Br,3.20E-03,0.33,216,267194
Li6P(S4.8Se0.2)Br,3.92E-03,0.34,216,267195
Li6P(S4.7Se0.3)Br,3.62E-03,0.33,216,267196
Li6P(S4.6Se0.4)Br,3.64E-03,0.33,216,267197
Li6P(S4.5Se0.5)Br,2.68E-03,0.34,216,267198
Li6P(S4.4Se0.6)Br,2.78E-03,0.34,216,267199
Li6P(S4.3Se0.7)Br,3.01E-03,0.35,216,267200
Li6P(S4.2Se0.8)Br,3.48E-03,0.34,216,267201
Li6P(S4.1Se0.9)Br,3.82E-03,0.34,216,267202
Li6P(S4Se)Br,3.61E-03,0.34,216,267203
Li6PO5Cl,5.54E-10,0.66,216,421479
Li6PS5Br,3.20E-05,0.32,216,234598
Li6PS5Cl,3.30E-05,0.38,216,259205
Li6PS5I,2.20E-04,0.26,216,259212
Li6PS5I,1.26E-06,0.38,216,
Li6P0.92Ge0.08S5I,9.02E-06,0.39,216,
Li6P0.85Ge0.15S5I,3.99E-05,0.36,216,
Li6P0.75Ge0.25S5I,3.26E-05,0.36,216,
Li6P0.74Ge0.26S5I,1.51E-04,0.3,216,
Li6P0.64Ge0.36S5I,6.58E-04,0.24,216,
Li6P0.53Ge0.47S5I,1.52E-03,0.24,216,
Li6P0.48Ge0.52S5I,1.83E-03,0.23,216,
Li6P0.31Ge0.69S5I,5.16E-03,0.24,216,
Li6P0.21Ge0.79S5I,5.41E-03,0.25,216,
Li6PS5Cl,1.31E-06,0.38,216,
Li6PS5Br,2.41E-05,0.16,216,259208
Li6PS5I,4.10E-07,0.32,216,418489
Li6PS5I,9.24E-05,,216,
Li6.1P0.9Sn0.1S5I,1.61E-04,,216,
Li6.2P0.8Sn0.2S5I,2.32E-04,,216,
Li6.25P0.75Sn0.25S5I,2.92E-04,,216,
Li6.3P0.7Sn0.3S5I,3.06E-04,,216,
Li6.5P0.5Sn0.5S5I,2.35E-04,,216,
Li6.4P0.6Ge0.4S5I,2.51E-04,,216,
Li6.45P0.55Ge0.45S5I,3.65E-04,,216,
Li6.5P0.5Ge0.5S5I,5.42E-04,,216,
Li6.55P0.45Ge0.55S5I,4.11E-04,,216,
Li6.6P0.4Ge0.6S5I,2.74E-04,,216,
Li6.8P0.2Ge0.8S5I,5.21E-05,,216,
LiCe(BH4)3Cl,1.03E-04,,217,185218
Li7PN4,1.60E-07,0.4,218,69017
β-Li8GeP4,8.60E-05,0.394,218,235185
Li4B7O12Cl,2.40E-05,,219,1125
Fe0.16La2.95Li5.68Zr2O12,9.35E-04,0.29,220,431391
Fe0.19La2.95Li5.57Zr2O12,1.38E-03,0.28,220,431392
Li3ClO,2.50E-02,,221,
Li2.99Ba0.005Cl0.5I0.5,2.50E-03,0.06,221,
Li0.31La0.63((Ti0.9Co0.1)O3,2.60E-04,,221,151533
(La0.49Li0.461Sr0.049)(TiO3),7.09E-04,0.33,221,190825
(La0.46Li0.429Sr0.111)(TiO3),1.97E-04,0.33,221,190826
(La0.402Li0.368Sr0.230)(TiO3),2.87E-05,0.36,221,190827
Li2(OH)0.9F0.1Cl,3.86E-05,0.52,221,
Li2(OH)Br,1.20E-06,0.75,221,200874
Li9NS3,8.30E-07,0.52,221,240749
(La0.55Li0.45)(Ti0.9Al0.1)O3,1.51E-03,,221,254045
(La0.6Li0.4)(Ti0.8Al0.2)O3,5.68E-04,,221,254046
(La0.65Li0.35)(Ti0.7Al0.3)O3,1.61E-04,,221,254047
(La0.7Li0.3)(Ti0.6Al0.4)O3,1.04E-07,,221,254048
(Li0.16Sr0.69)(Ga0.25Ta0.75)O3,3.69E-06,0.359,221,291520
Li0.375Sr0.4375Zr0.25Ta0.75O3,2.00E-04,0.26,221,
Li0.25Sr0.625Ta0.5Zr0.5O3,3.34E-07,0.42,221,
Li0.375Sr0.4375Hf0.25Ta0.75O3,3.80E-04,0.36,221,
Li0.375Sr0.4375Zr0.25Nb0.75O3,2.00E-05,0.26,221,
Li0.25Sr0.625Zr0.5Nb0.5O3,2.75E-07,0.36,221,
Li2.99Ba0.005ClO,2.50E-02,0.13,221,
Li2.99Ba0.005Cl0.5I0.5O,3.37E-03,,221,
Sm0.5Li0.42TiO2.96,3.93E-10,0.58,221,
La0.52Li0.35TiO2.96,9.11E-04,0.32,221,
La0.61Li0.15TiO3,2.06E-04,,221,
La0.58Li0.24TiO3,7.22E-04,,221,
La0.55Li0.33TiO3,1.58E-03,,221,
La0.54Li0.36TiO3,9.79E-03,,221,
La0.52Li0.42TiO3,7.21E-04,,221,
La0.6Sr0.06Li0.06TiO3,1.13E-05,0.37,221,
La0.56Sr0.1Li0.1TiO3,1.37E-05,0.37,221,
La0.51Sr0.15Li0.15TiO3,5.30E-05,0.38,221,
La0.41Sr0.25Li0.25TiO3,7.64E-05,0.35,221,
La0.385Sr0.275Li0.275TiO3,6.04E-05,0.37,221,
La0.36Sr0.3Li0.3TiO3,1.92E-05,0.35,221,
La0.61Li0.18TiO3,2.09E-04,,221,
La0.58Li0.27TiO3,8.32E-04,,221,
La0.56Li0.33TiO3,1.30E-03,,221,
La0.55Li0.36TiO3,1.54E-03,0.33,221,
La0.54Li0.39TiO3,1.25E-03,,221,
La0.52Li0.45TiO3,7.85E-04,,221,
Lao.51Li0.34TiO2.94,7.00E-05,0.36,221,
Li3OBr,1.10E-06,0.74,221,67265
Li7.2N1.6Cl2.4,8.40E-07,0.49,225,49646
Li6NI3,3.70E-06,,225,83380
Li0.19La0.67(Ti0.9Co0.1)O3,1.08E-04,,225,151535
Li6NBr3,1.00E-08,0.69,225,84091
LiI,1.00E-07,,225,414244
Li(Li0.34Ti1.66)O4,6.03E-08,0.506,227,168137
(Li0.916Mg0.084)(Li0.352Mg0.016Ti1.634)O4,1.73E-08,0.564,227,168139
(Li0.826Mg0.174)(Li0.374Mg0.026Ti1.60)O4,4.24E-09,0.615,227,168141
(Li0.74Mg0.26)(Li0.40Mg0.04Ti1.56)O4,1.51E-09,0.639,227,168142
Li2MnCl4,4.79E-06,,227,69678
Li2MgCl4,6.24E-07,,227,74957
Li1.9Mn0.9Ga0.1Cl4,2.37E-07,,227,50305
Li1.65Mn0.65In0.35Cl4,9.90E-08,,227,50306
LiCdCl4,5.80E-07,0.44,227,74958
LiSrNb2O6F,<1E-10,0.604,227,236009
LiSrTa2O6F,<1E-10,0.604,227,236010
LiSr0.9Nb2O6F0.8,<1E-10,0.709,227,236011
LiSr0.9Ta2O6F0.8,<1E-10,0.76,227,236012
Li1.1SrNb1.9Zr0.1O6F,<1E-10,0.622,227,236013
Li1.1SrTa1.9Zr0.1O6F,<1E-10,0.693,227,236014
Li6SrLa2Nb2O12,4.20E-06,0.5,230,157628
Li6CaLa2Nb2O12,1.60E-06,0.55,230,161386
Li5.25Ba0.25La2.75Ta2O12,6.03E-06,0.479,230,
Li5.5Ba0.5La2.5Ta2O12,1.35E-05,0.455,230,
Li6.25Ba1.25La1.75Ta2O12,5.05E-05,0.395,230,
Li6.5Ba1.5La1.5Ta2O12,3.20E-05,0.402,230,
Li6.75Ba1.75La1.25Ta2O12,1.25E-05,0.418,230,
Li7Ba2LaTa2O12,3.00E-06,0.442,230,
Li5La3Ta2O12,4.33E-06,0.5,230,154400
Li6BaLa2Ta2O12,3.02E-05,0.419,230,237201
Li7La3Zr1.89Al0.15O12,3.40E-04,0.334,230,
Li7.06La3Y0.06Zr1.94O12,9.56E-04,0.26,230,
Li6.25La3Zr2Ga0.25O12,3.50E-04,,230,
Li7La3Zr2O12,1.20E-04,,230,
Li6.8La3Zr1.8Ta0.2O12,2.80E-04,,230,
Li6.6La3Zr1.6Ta0.4O12,7.30E-04,,230,
Li6.5La3Zr1.5Ta0.5O12,9.20E-04,,230,
Li6.4La3Zr1.4Ta0.6O12,1.00E-03,0.35,230,
Li6.2La3Zr1.2Ta0.8O12,3.20E-04,,230,
Li6La3ZrTaO12,1.60E-04,,230,
Li7La3Zr2O12,1.20E-04,,230,
Li6.8La3Zr1.8Ta0.2O12,2.80E-04,,230,
Li6.6La3Zr1.6Ta0.4O12,7.30E-04,,230,
Li6.5La3Zr1.5Ta0.5O12,9.20E-04,,230,
Li6.4La3Zr1.4Ta0.6O12,1.00E-03,0.35,230,
Li6.2La3Zr1.2Ta0.8O12,3.20E-04,,230,
Li6La3ZrTaO12,1.60E-04,,230,
Li6.8La3Zr1.8Ta0.2O12,7.80E-04,,230,
Li6.75La3Zr1.75Ta0.25O12,8.80E-04,,230,
Li6.65La3Zr1.65Ta0.35O12,7.70E-04,,230,
Li6.6La3Zr1.6Ta0.4O12,7.20E-04,,230,
Li6.55La3Zr1.55Ta0.45O12,6.90E-04,,230,
Li6La3ZrTaO12,4.40E-04,,230,
Li5La3Ta2O12,1.60E-04,,230,
Li6.7La3Zr1.7Ta0.3O12,9.60E-04,0.37,230,
Li6.5La3Zr1.5Ta0.5O12,6.70E-04,,230,183686
Li6.05Ga0.25La3Zr2O11.8F0.2,1.28E-03,0.28,230,
Li5.72Al0.26La3Zr1.5W0.25O12,4.90E-04,0.35,230,
Li6.8La3Zr1.9Mo0.1O12,8.00E-05,0.46,230,
Li6.6La3Zr1.8Mo0.2O12,3.11E-04,0.48,230,
Li6.4La3Zr1.7Mo0.3O12,3.69E-04,0.49,230,
Li6.2La3Zr1.6Mo0.4O12,3.40E-04,0.48,230,
Li6.5La3Zr1.75Mo0.25O12,3.33E-04,0.39,230,239128
Li6.75La3Zr1.875Te0.125O12,3.30E-04,0.41,230,
Li6.5La3Zr1.75Te0.25O12,1.02E-03,0.38,230,
Li6.375La3Zr1.375Nb0.625O12,1.37E-03,0.25,230,
Li5La3Ta2O12,1.20E-06,0.56,230,154400
Li5La3Nb2O12,1.00E-05,0.43,230,171171
Li5La3Bi2O12,4.00E-05,0.47,230,158372
Li6La2SrBi2O12,5.20E-05,0.43,230,158373
Li5Nd3Sb2O12,1.30E-07,0.67,230,159426
Li4Nd3TeSbO12,1.96E-06,0.64,230,159732
Li5La3Sb2O12,8.20E-06,0.51,230,161342
Li6SrLa2Sb2O12,6.60E-06,0.54,230,161343
Li6(La2Ca)(NbO6)2,1.33E-06,,230,161386
Li6(La2Sr)(NbO6)2,3.69E-06,,230,161387
Li6CaLa2Ta2O12,2.20E-06,0.5,230,163860
Li6BaLa2Ta2O12,1.30E-05,0.44,230,163861
Li6.15La3Zr1.75Ta0.25Ga0.2O12,4.10E-04,0.27,230,
Li6.15La3Zr1.75Ta0.25Al0.2O12,3.70E-04,0.3,230,
Li6.75La3Zr1.75Ta0.25O12,8.70E-04,0.22,230,183873
Li6.16Al0.28La3Zr2O12,6.10E-04,0.34,230,185539
Li7La3Zr2O12,1.97E-06,0.49,230,
Li7La3Zr2O12-0.5wt% Al,1.58E-04,,230,
Li7La3Zr2O12-0.9wt% Al,3.20E-04,0.34,230,
Li6.06Al0.2La3Zr2O12,4.00E-04,0.34,230,185539
Li6BaLa2Ta2O12,2.45E-05,0.4,230,185602
Nd3Zr2Al0.5Li5.5O12,3.90E-05,0.56,230,189530
(Li6.26Al0.24)La3Zr2O12,3.10E-04,0.33,230,195182
Li6La3Nb1.5Y0.5O12,1.88E-04,,230,237141
Li5.2La3Nb1.9Y0.1O12,6.39E-05,,230,237143
Li5.4La3Nb1.8Y0.2O12,6.74E-05,,230,237144
Li5.5La3Nb1.75Y0.25O12,9.18E-05,,230,237145
Li6.5La3Nb1.25Y0.75O12,3.43E-04,,230,237146
Li6Ba0.5Sr0.5La2Ta2O12,7.10E-06,0.45,230,237199
Li6SrLa2Ta2O12,5.40E-06,0.45,230,237200
Li6BaLa2Ta2O12,1.50E-05,0.47,230,237201
Li6CaLa2Ta2O12,2.20E-06,0.47,230,237202
Li6BaLa2Ta2O12,4.00E-05,0.4,230,
Li6SrLa2Ta2O12,7.00E-06,0.5,230,
Li6SrLa2Ta2O12,7.00E-06,0.5,230,237200
Li6BaLa2Ta2O12,4.00E-05,0.4,230,237201
Li5.74La3Zr1.5Ta0.5O12,9.03E-04,0.435,230,239663
La3Li5.08Ta1.51Zr0.39O12,1.03E-04,0.536,230,239664
Li51.2Al1.6La24Zr16O96,2.54E-04,0.36,230,241475
Li49.6Al1.6La24Zr14.4Ta1.6O96,6.14E-04,0.29,230,241476
Li6.5La3Hf1.5Ta0.5O12,4.00E-04,0.4,230,258921
Li6.5La3Sn1.5Ta0.5O12,1.90E-04,0.45,230,258922
Li5La3Ta2O12,1.59E-05,,230,259164
Li5.3La3Ta1.85Sm0.15O12,7.11E-06,,230,259165
Li5.5La3Ta1.75Sm0.25O12,5.17E-06,,230,259166
Li5.70La3Ta1.65Sm0.35O12,2.15E-05,,230,259167
Li5.90La3Ta1.55Sm0.45O12,1.18E-05,,230,259168
Li6.10La3Ta1.45Sm0.55O12,1.40E-05,,230,259169
Li7La3Zr2O12,5.69E-04,0.36,230,422259
Li5La3Nb2O12,4.99E-06,,230,
Li5La3Nb1.95Y0.05O12,1.32E-05,,230,
Li5La3Nb1.9Y0.1O12,1.43E-05,,230,
Li5La3Nb1.85Y0.15O12,5.85E-06,,230,
Li5La3Nb1.8Y0.2O12,9.05E-06,,230,
Li5La3Nb1.75Y0.25O12,9.42E-06,,230,
Li6.24La3Zr2Al0.24O11.98,4.00E-04,0.26,230,
Li7La3Zr2O12-0.3Ga,3.80E-05,0.37,230,
Li7La3Zr2O12-0.4Ga,4.40E-05,0.36,230,
Li7La3Zr2O12-0.5Ga,8.90E-05,0.36,230,
Li7La3Zr2O12-Ga,5.40E-04,0.32,230,
La3Zr2Ga0.5Li5.5O12,1.00E-04,,230,
Li6.8La3Zr1.8Sb0.2O12,5.90E-05,0.39,230,
Li6.6La3Zr1.6Sb0.4O12,7.70E-04,0.34,230,
Li6.4La3Zr1.4Sb0.6O12,6.60E-04,0.36,230,
Li6.2La3Zr1.2Sb0.8O12,4.50E-04,0.37,230,
Li6La3ZrSbO12,2.60E-04,0.38,230,
Li6.5La3Zr1.75Te0.25O12-0.07Al,4.00E-04,0.33,230,
Li6.65La2.75Ba0.25Zr1.4Ta0.5Nb0.1O12,5.27E-04,0.26,230,
Li6.4La3Zr1.4Ta0.6O12,7.24E-04,0.24,230,
Li6.4La3Zr1.4Ta0.5Nb0.1O12,4.44E-04,0.27,230,
Li6.4La3Zr1.4Ta0.4Nb0.2O12,4.55E-04,0.28,230,
Li6.4La3Zr1.4Ta0.3Nb0.3O12,6.06E-04,0.26,230,
Li7La3Zr2O12,1.74E-04,0.26,230,
Li3Nd3Te2O12,<1E-10,1.22,230,
Li7.131La3Zr2O12Al0.244,7.73E-05,,230,
Li6.949La3Zr2O12Al0.262,2.25E-04,,230,
Li6.835La3Zr2O12Al0.231,2.20E-04,,230,
Li6.660La3Zr2O12Al0.258,1.51E-04,,230,
Li6.75La3Zr1.75Ta0.25O12,4.10E-04,0.42,230,
Li6.5La3Zr1.5Ta0.5O12,6.10E-04,0.4,230,
Li6La3ZrTaO12,2.10E-04,0.42,230,
Li3Gd3Te2O12,<1E-10,,230,
Li3Tb3Te2O12,<1E-10,,230,
Li3Er3Te2O12,<1E-10,,230,
Li3Lu3Te2O12,<1E10,,230,
Li2S*P2S5,3.20E-03,,,
0.7Li2S-0.3P2S5,5.40E-05,,,
Li3.8Ge0.8P0.2S4,1.75E-06,0.466,,
Li3.6Ge0.6P0.4S4,1.74E-04,0.339,,
Li3.4Ge0.4P0.6S4,6.53E-04,0.275,,
Li3.35Ge0.35P0.65S4,1.53E-03,0.229,,
Li3.3Ge0.3P0.7S4,1.76E-03,0.221,,
Li3.2Ge0.2P0.8S4,5.57E-04,0.275,,
Li2.9Ca0.05InBr6,2.16E-04,,,
Li2.86Ca0.07InBr6,4.04E-04,,,
Li2.8Ca0.1InBr6,3.00E-04,,,
Li2.7Ca0.15InBr6,6.97E-05,,,
Li3.9Zn0.05GeS4,2.72E-07,0.517,,
Li3.8Zn0.1GeS4,9.95E-08,0.545,,
Li3.6Zn0.2GeS4,5.90E-08,0.539,,
Li2GeS3,9.70E-09,,,
Li2ZnGeS4,1.40E-09,,,
Li9.6P3S12,1.20E-03,0.259,,
Li1.3Al0.3Ge1.7(PO4)3,8.24E-05,0.386,,
Li1.6Al0.6Ge1.4(PO4)3,2.84E-04,0.43,,
LiTi2(PO4)3-0.2Li2O,2.40E-04,,,
LiTi2(PO4)3-0.3Li2O,1.50E-03,,,
LiTi2(PO4)3-0.4Li2O,1.30E-04,,,
Li1.3Al0.3Ti1.7(PO4)3-0.3Li2O,3.50E-04,,,
LiTi2(PO4)3-0.1Li4P2O7,1.60E-04,,,
Li1.4Al0.4Ti1.6 (PO4)3,3.38E-03,0.3,,
Li1.2Ge0.2Ti1.8(PO4)3,7.94E-05,0.27,,
Li1.5Ge0.5Ti1.5(PO4)3,1.90E-04,0.33,,
Li1.2Al0.2Ti1.8(PO4)3,3.38E-03,0.28,,427619
Li3ClO,8.50E-04,0.26,,
Li3Cl0.5Br0.5O,1.94E-03,0.18,,
Li3OCl,1.47E-04,0.26,,
Li3OCl0.5Br0.5,9.49E-04,0.18,,
Li6.6La2.6Ce0.4Zr2O12,1.44E-05,0.48,,
Li1.4Al0.4Ti1.6(PO4)3,1.10E-03,,,
80Li2S * 20P2S5,7.20E-04,,,
0.8Li2S-0.2P2S5,7.20E-04,,,
0.75Li2S-0.25P2S5,2.80E-04,,,
Li2S*P2S5*P2S3,5.40E-03,,,
Li2S*P2S5*Li3N,1.40E-03,,,
Li5La3Nb1.9Y0.1O12,1.44E-05,0.55,,
Li7La3Zr2O12,2.35E-04,0.339,,
Li6.88La3Zr1.88Nb0.12O12,5.99E-04,0.319,,
Li6.75La3Zr1.75Nb0.25O12,7.71E-04,0.3,,
Li6.62La3Zr1.62Nb0.38O12,4.41E-04,0.31,,
Li6.5La3Zr1.5Nb0.5O12,2.98E-04,0.319,,
Li6La3ZrNbO12,1.50E-04,0.42,,
Li5La3Nb2O12,3.00E-05,0.44,,
Li7La3Hf2O12,2.40E-04,0.29,,
Li7GePS8,7.00E-03,0.22,,
Li10(Ge0.95Si0.05)P2S12,8.63E-03,0.251,,
Li10(Ge0.9Si0.1)P2S12,8.07E-03,0.26,,
Li10(Ge0.8Si0.2)P2S12,7.28E-03,0.261,,
Li10(Ge0.7Si0.3)P2S12,5.82E-03,0.265,,
Li10(Ge0.6Si0.4)P2S12,5.24E-03,0.28,,
Li10(Ge0.5Si0.5)P2S12,4.20E-03,0.284,,
Li10(Ge0.2Si0.8)P2S12,4.81E-03,0.269,,
Li10(Ge0.95Sn0.05)P2S12,7.80E-03,0.254,,
Li10(Ge0.9Sn0.1)P2S12,7.53E-03,0.256,,
Li10(Ge0.8Sn0.2)P2S12,7.06E-03,0.252,,
Li10(Ge0.7Sn0.3)P2S12,6.49E-03,0.254,,
Li10(Ge0.5Sn0.5)P2S12,6.17E-03,0.249,,
Li10(Ge0.4Sn0.6)P2S12,5.76E-03,0.265,,
Li10(Ge0.3Sn0.7)P2S12,5.56E-03,0.261,,
Li10(Ge0.2Sn0.8)P2S12,4.77E-03,0.269,,
0.5(Li2O) * 0.5(P2O5),1.10E-09,0.71,,
0.58(Li2O) * 0.5(P2O5),2.00E-08,0.6,,
0.6(Li2O) * 0.5(P2O5),3.00E-08,0.61,,
0.63(Li2O) * 0.5(P2O5),1.30E-07,0.56,,
0.66(Li2O) * 0.5(P2O5),2.30E-07,0.55,,
0.7(Li2O) * 0.5(P2O5),3.00E-07,0.57,,
0.2(Li2S) 0.8(GeS2),1.10E-07,0.52,,
0.3(Li2S) 0.7(GeS2),9.30E-07,0.48,,
0.4(Li2S) 0.6(GeS2),2.90E-06,0.42,,
0.5(Li2S) 0.5(GeS2),3.30E-05,0.35,,
0.6(Li2S) 0.4(GeS2),9.20E-05,0.32,,
0.63(Li2S) 0.37(GeS2),1.50E-04,0.34,,
0.66(Li2S) 0.34(GeS2),1.00E-04,0.37,,
0.7(Li2S) 0.3(GeS2),1.20E-04,0.34,,
Li2O-P2O5,1.10E-09,0.71,,
0.58Li2O-0.42P2O5,2.00E-08,0.6,,
0.6Li2O-0.4P2O5,3.00E-08,0.61,,
0.63Li2O-0.37P2O5,1.30E-07,0.56,,
0.66Li2O-0.34P2O5,2.30E-07,0.55,,
0.7Li2O-0.3P2O5,3.00E-07,0.57,,
0.2Li2S-0.8GeS2,1.10E-07,0.52,,
0.3Li2S-0.7GeS2,9.30E-07,0.48,,
0.4Li2S-0.6GeS2,2.90E-06,0.42,,
0.5Li2S-0.5GeS2,3.30E-05,0.35,,
0.6Li2S-0.4GeS2,9.20E-05,0.32,,
0.63Li2S-0.37GeS2,1.50E-04,0.34,,
0.66Li2S-0.34GeS2,1.00E-04,0.37,,
0.7Li2S-0.3GeS2,1.20E-04,0.34,,
Li6.55La3Zr2Ga0.15O12,1.30E-03,0.3,,
Li6.40La3Zr2Ga0.2O12,9.00E-04,0.3,,
Li6.10La3Zr2Ga0.25O12,7.00E-05,0.3,,
Li6.8La3Zr1.8Sb0.2O12,5.90E-05,0.39,,
Li6.6La3Zr1.6Sb0.4O12,7.70E-04,0.34,,
Li6.4La3Zr1.4Sb0.6O12,6.60E-04,0.36,,
Li6.2La3Zr1.2Sb0.8O12,4.50E-04,0.37,,
Li6La3ZrSbO12,2.60E-04,0.38,,
Li(In0.62Li1.38)Br3.92,4.90E-06,0.58,,
Li3InBr6,1.77E-04,,,
Li3InBr4Cl2,7.58E-06,,,
Li3InBr3Cl3,1.14E-04,,,
Li3InBr2.5Cl3.5,3.60E-06,,,
Li3InBr2Cl4,6.89E-08,,,
Li1.8Mg1.1Cl4,1.52E-06,,,
Li1.6Mg1.2Cl4,3.07E-06,,,
Li1.34Mg1.33Cl4,3.07E-06,,,
Li1.9Mn1.05Cl4,4.61E-06,,,
Li1.72Mn1.14Cl4,3.62E-06,,,
Li1.6Mn1.2Cl4,1.45E-05,,,
Li1.52Mn1.24Cl4,1.85E-05,,,
Li1.34Mn1.33Cl4,9.57E-06,,,
Li1.94Cl1.03Cl4,2.56E-06,,,
Li1.90Cd1.05Cl4,3.50E-06,,,
Li2OHBrF,7.10E-07,,,
Li2OHBr0.99F0.01,9.16E-07,,,
Li2OHBr0.98F0.02,1.11E-06,,,
Li2OHBr0.95F0.05,6.75E-07,,,
Li2OHBr0.9F0.1,6.80E-07,,,
Li2OHBr0.8F0.2,5.44E-07,,,
Li3(OH)2Cl,2.72E-08,0.88,,
Li5(OH)3Cl2,2.52E-08,0.75,,
Li2OHCl,4.28E-08,0.56,,
Li5(OH)2Cl3,1.48E-07,0.49,,
Li3OHCl2,8.92E-08,0.67,,
Li3.7Zn0.15GeO4,4.63E-07,,,
Li3.5Zn0.25GeO4,2.42E-07,,,
Li3.1Zn0.45GeO4,9.89E-08,,,
Li2.8Zn0.6GeO4,1.27E-07,,,
Li2.6Zn0.7GeO4,5.79E-08,,,
Li2.3Zn0.85GeO4,4.23E-09,,,
Li7La2.75Ca0.25Zr1.75Nb0.25O12,2.20E-04,0.35,,
Li1.5Cr0.5Ti1.5(PO4)3,1.98E-04,0.29,,
Li3V2(PO4)3,2.09E-07,,,
Li3V1.8Al0.2(PO4)3,1.88E-06,,,
Li3V1.6Al0.4(PO4)3,6.21E-06,,,
Li3V1.4Al0.6(PO4)3,9.34E-07,,,
Li7P2.9Mn0.1S10.7I0.3,5.60E-03,0.22,,
0.3 Li2S * 0.7 SiS2,1.60E-06,0.46,,
0.4 Li2S * 0.6 SiS2,2.80E-05,0.38,,
0.5 Li2S * 0.5 SiS2,1.00E-04,0.32,,
0.6 Li2S * 0.4 SiS2,5.00E-04,0.25,,
(2Li2S-P2S5),1.12E-04,,,
(2Li2S-P2S5)0.85(LiI)0.15,2.35E-04,,,
(2Li2S-P2S5)0.75(LiI)0.25,3.96E-04,,,
(2Li2S-P2S5)0.60(LiI)0.40,7.60E-04,,,
(2Li2S-P2S5)0.55(LiI)0.45,1.12E-03,,,
0.14 SiS2-0.09 P2S5-0.47 Li2S-0.30 LiI,1.32E-03,0.34,,
0.26B2S3 – 0.3Li2S – 0.44LiI,1.57E-03,0.3,,
0.26B2S3 – 0.31Li2S – 0.43LiI,7.99E-04,0.33,,
0.27B2S3 – 0.32Li2S – 0.41LiI,4.25E-04,0.35,,
0.5 SiS2-0.5 Li2S,1.50E-04,0.34,,
0.1 LiBr-0.45 SiS2-0.45 Li2S,1.90E-04,0.3,,
0.2 LiBr-0.4 SiS2-0.4 Li2S,2.10E-04,0.33,,
0.25 LiBr-0.38 SiS2-0.38 Li2S,2.40E-04,0.31,,
0.3 LiBr-0.3 SiS2-0.35 Li2S,3.20E-04,0.33,,
0.35 LiBr-0.33 SiS2-0.33 Li2S,2.30E-04,0.38,,
0.4 LiBr-0.3 SiS2-0.3 Li2S,1.10E-04,0.42,,
SiS2-Li2S,1.20E-04,0.35,,
0.9(SiS2-Li2S)-0.1LiCl,1.84E-04,0.34,,
0.8(SiS2-Li2S)-0.2LiCl,2.35E-04,0.33,,
0.75(SiS2-Li2S)-0.25LiCl,2.66E-04,0.35,,
0.7(SiS2-Li2S)-0.3LiCl,2.33E-04,0.35,,
0.65(SiS2-Li2S)-0.35LiCl,1.78E-04,0.36,,
0.6(SiS2-Li2S)-0.4LiCl,9.30E-05,0.34,,
(0.4SiS2-0.6Li2S),5.30E-04,0.33,,
0.9(0.4SiS2-0.6Li2S)-0.1LiI,6.50E-04,0.31,,
0.8(0.4SiS2-0.6Li2S)-0.2LiI,7.70E-04,0.3,,
0.7(0.4SiS2-0.6Li2S)-0.3LiI,1.15E-03,0.29,,
0.6(0.4SiS2-0.6Li2S)-0.4LiI,1.78E-03,0.28,,
0.55(0.4SiS2-0.6Li2S)-0.45LiI,1.41E-03,0.29,,
0.24SiS2-0.36Li2S-0.4LiI,1.80E-03,0.28,,
0.28SiS2-0.42Li2S-0.30LiI,1.80E-03,0.31,,
0.14SiS2-0.09P2S5-0.47Li2S-0.30LiI,2.10E-03,0.34,,
0.27SiS2-0.03Al2S3-0.30Li2S-0.40LiI,1.20E-03,0.34,,
0.21SiS2-0.09B2S3-0.30Li2S-0.40LiI,1.70E-03,0.3,,
0.30Li2S-0.7GeS­2,4.40E-07,0.63,,
0.40Li2S-0.60GeS2,3.20E-06,0.52,,
0.50Li2S-0.50GeS2,4.00E-05,0.51,,
0.3Li2S-0.7P2S5,1.70E-02,0.18,,
0.7Li2S-0.3P2S5,3.20E-03,0.12,,
0.6Li2S-0.4P2S5,1.50E-04,0.31,,
0.95(0.6Li2S-0.4SiS2)- 0.05Li4SiO4,1.58E-03,0.34,,
0.9(0.6Li2S-0.4SiS2)- 0.1Li4SiO4,4.34E-04,0.37,,
0.8(0.6Li2S-0.4SiS2)- 0.2Li4SiO4,1.59E-04,0.43,,
0.95(0.6Li2S-0.4SiS2)-0.05Li3PO4,8.68E-04,0.35,,
0.7(0.6Li2S-0.4SiS2)- 0.3Li3PO4,2.08E-05,0.46,,
0.6(0.6Li2S-0.4SiS2)- 0.4Li3PO4,5.33E-06,0.51,,
0.95(0.6Li2S-0.4SiS2)-0.05Li4GeO4,1.19E-03,0.28,,
0.9(0.6Li2S-0.4SiS2)- 0.1Li4GeO4,3.18E-04,0.35,,
0.85(0.6Li2S-0.4SiS2)- 0.15Li4GeO4,1.14E-04,0.4,,
0.95(0.6Li2S-0.4SiS2)-0.05Li3BO3,1.44E-03,0.33,,
0.93(0.6Li2S-0.4SiS2)-0.07Li3BO3,3.84E-04,0.35,,
0.85(0.6Li2S-0.4SiS2)-0.15Li3BO3,3.42E-04,0.36,,
0.75(0.6Li2S-0.4SiS2)-0.25Li3BO3,7.06E-05,0.38,,
0.95(0.6Li2S-0.4SiS2)-0.05Li3AlO3,1.31E-03,0.31,,
0.94(0.6Li2S-0.4SiS2)-0.06Li3AlO3,6.83E-04,0.34,,
0.92(0.6Li2S-0.4SiS2)-0.08Li3AlO3,4.04E-04,0.34,,
0.825(0.6Li2S-0.4SiS2)- 0.175Li3AlO3,1.31E-04,0.36,,
0.975(0.6Li2S-0.4SiS2)-0.025Li3GaO3,6.82E-04,0.31,,
0.95(0.6Li2S-0.4SiS2)-0.05Li3GaO3,3.25E-04,0.32,,
0.92(0.6Li2S-0.4SiS2)-0.08Li3GaO3,3.03E-04,0.35,,
0.89(0.6Li2S-0.4SiS2)-0.11Li3GaO3,1.13E-04,0.38,,
0.97(0.6Li2S-0.4SiS2)-0.03Li3InO3,3.09E-04,0.34,,
0.95(0.6Li2S-0.4SiS2)-0.05Li3InO3,3.25E-04,0.35,,
0.9(0.6Li2S-0.4SiS2)-0.1Li3InO3,6.84E-05,0.4,,
0.95(0.6Li2S-0.4SiS2)-0.05Li4SiO4,1.54E-03,0.38,,
0.9(0.6Li2S-0.4SiS2)-0.1Li4SiO4,4.39E-04,0.4,,
0.95(0.6Li2S-0.4SiS2)-0.05Li2SO4,4.53E-04,0.41,,
0.9(0.6Li2S-0.4SiS2)-0.1Li2SO4,4.70E-05,0.45,,
0.5Li2O-0.1TiO2-0.4P2O5,5.67E-08,0.56,,
0.5025Li2O-0.0025Al2O3-0.095TiO2-0.4P2O5,1.56E-08,0.55,,
0.505Li2O-0.005Al2O3-0.09TiO2-0.4P2O5,1.78E-07,0.5,,
0.5075Li2O-0.0075Al2O3-0.085TiO2-0.4P2O5,2.51E-07,0.57,,
0.51Li2O-0.01Al2O3-0.08TiO2-0.4P2O5,1.58E-07,0.55,,
0.515Li2O-0.015Al2O3-0.07TiO2-0.4P2O5,1.25E-07,0.56,,
0.525Li2O-0.025Al2O3-0.05TiO2-0.4P2O5,2.17E-07,0.56,,
0.53Li2O-0.03Al2O3-0.04TiO2-0.4P2O5,2.72E-07,0.54,,
0.54Li2O-0.04Al2O3-0.02TiO2-0.4P2O5,1.97E-07,0.55,,
0.545Li2O-0.045Al2O3-0.01TiO2-0.4P2O5,7.14E-08,0.56,,
0.95(0.6Li2S-0.4SiS2)-0.05Li4SiO4,1.51E-03,0.34,,
0.90(0.6Li2S-0.4SiS2)-0.1Li4SiO4,4.34E-04,0.37,,
0.8(0.6Li2S-0.4SiS2)-0.2Li4SiO4,1.63E-04,0.43,,
0.95(0.6Li2S-0.4SiS2)-0.05Li3PO4,9.32E-04,0.35,,
0.9(0.6Li2S-0.4SiS2)-0.1Li3PO4,4.55E-04,0.37,,
0.7(0.6Li2S-0.4SiS2)-0.3Li3PO4,2.08E-05,0.46,,
0.6(0.6Li2S-0.4SiS2)-0.4Li3PO4,5.33E-06,0.51,,
0.95(0.6Li2S-0.4SiS2)-0.05Li4GeO4,1.21E-03,0.28,,
0.9(0.6Li2S-0.4SiS2)-0.1Li4GeO4,3.18E-04,0.34,,
0.85(0.6Li2S-0.4SiS2)-0.15Li4GeO4,1.14E-04,0.41,,
Li7PS6,8.00E-05,,,
0.7Li2S-0.3P2S5,3.20E-03,0.12,,
0.95(0.6Li2S-0.4SiS2)-0.05Li3BO3,1.40E-03,,,
0.93(0.6Li2S-0.4SiS2)-0.07Li3BO3,3.71E-04,,,
0.85(0.6Li2S-0.4SiS2)-0.15Li3BO3,3.39E-04,,,
0.75(0.6Li2S-0.4SiS2)-0.25Li3BO3,7.15E-05,,,
0.95(0.6Li2S-0.4SiS2)-0.05Li3AlO3,1.22E-03,,,
0.94(0.6Li2S-0.4SiS2)-0.06Li3AlO3,6.67E-04,,,
0.92(0.6Li2S-0.4SiS2)-0.08Li3AlO3,3.94E-04,,,
0.825(0.6Li2S-0.4SiS2)-0.175Li3AlO3,1.25E-04,,,
0.975(0.6Li2S-0.4SiS2)-0.025Li3GaO3,7.05E-04,,,
0.95(0.6Li2S-0.4SiS2)-0.05Li3GaO3,3.36E-04,,,
0.92(0.6Li2S-0.4SiS2)-0.08Li3GaO3,3.06E-04,,,
0.89(0.6Li2S-0.4SiS2)-0.11Li3GaO3,1.20E-04,,,
0.97(0.6Li2S-0.4SiS2)-0.03Li3InO3,3.11E-04,,,
0.95(0.6Li2S-0.4SiS2)-0.05Li3InO3,2.99E-04,,,
0.90(0.6Li2S-0.4SiS2)-0.10Li3InO3,6.81E-05,,,
(0.67Li2S-0.33SiS2)-(0.75Li2S-0.25P2S5),1.20E-03,0.28,,
0.2Li3N-0.8SiS2,1.46E-06,0.45,,
0.3Li3N-0.7SiS2,2.97E-05,0.36,,
0.4Li3N-0.6SiS2,2.74E-04,0.3,,
0.5Li3N-0.5SiS2,4.47E-05,0.34,,
0.6Li3N-0.4SiS2,2.25E-08,0.63,,
0.6Li2S-0.4P2S3,5.70E-06,,,
0.63Li2S-0.37P2S3,2.55E-05,,,
0.667Li2S-0.333P2S3,1.10E-04,0.4,,
0.7Li2S-0.3P2S3,7.90E-05,,,
0.75Li2S-0.25P2S3,5.08E-05,,,
0.6Li2S-0.4SiS2,5.10E-04,0.33,,
0.555Li2S-0.4SiS2-0.045Li3N,1.50E-03,0.28,,
0.525Li2S-0.4SiS2-0.075Li3N,9.60E-04,0.29,,
0.1Li2O-0.1LiCl-0.65B2O3-0.1SiO2-0.05Al2O3,1.90E-04,0.427,,
0.75Li2O-0.25P2S5,1.80E-05,0.48,,
0.75(0.7Li2O-0.3Li2S)-0.25P2S5,2.42E-05,0.48,,
0.75(0.5Li2O-0.5Li2S)-0.25P2S5,2.83E-05,0.46,,
0.75(0.4Li2O-0.6Li2S)-0.25P2S5,4.99E-05,0.44,,
0.75(0.3Li2O-0.7Li2S)-0.25P2S5,8.89E-05,0.4,,
0.75(0.2Li2O-0.8Li2S)-0.25P2S5,1.63E-04,0.38,,
0.75(0.1Li2O-0.9Li2S)-0.25P2S5,2.27E-04,0.36,,
0.75Li2S-0.25P2S5,1.80E-04,0.41,,
0.45Li2-0.55SiS2,1.08E-04,0.4,,
0.5Li2-0.5SiS2,3.36E-04,0.32,,
0.55Li2-0.45SiS2,6.53E-04,0.3,,
0.60Li2-0.4SiS2,1.19E-03,0.29,,
0.63Li2-0.37SiS2,1.05E-03,0.3,,
0.65Li2-0.35SiS2,7.41E-04,0.33,,
0.95(0.5Li2-0.5SiS2)-0.05(0.5Li2O-0.5P2O5),4.27E-04,0.38,,
0.95(0.53Li2-0.47SiS2)-0.05(0.53Li2O-0.47P2O5),5.91E-04,0.33,,
0.95(0.55Li2-0.45SiS2)-0.05(0.55Li2O-0.45P2O5),1.01E-03,0.34,,
0.95(0.58Li2-0.42SiS2)-0.05(0.58Li2O-0.42P2O5),1.06E-03,0.34,,
0.95(0.6Li2-0.4SiS2)-0.05(0.6Li2O-0.4P2O5),1.01E-03,0.27,,
0.95(0.63Li2-0.37SiS2)-0.05(0.63Li2O-0.37P2O5),8.71E-04,0.33,,
0.95(0.65Li2-0.35SiS2)-0.05(0.65Li2O-0.35P2O5),5.34E-04,0.32,,
0.95(0.67Li2-0.33SiS2)-0.05(0.67Li2O-0.33P2O5),1.99E-04,0.37,,
0.8(0.55Li2-0.45SiS2)-0.2(0.55Li2O-0.45P2O5),7.88E-05,0.41,,
0.8(0.6Li2-0.4SiS2)-0.2(0.6Li2O-0.4P2O5),7.69E-05,0.41,,
0.8(0.65Li2-0.35SiS2)-0.2(0.65Li2O-0.35P2O5),5.21E-05,0.42,,
0.65Li2S-0.35P2S5,4.14E-05,,,
0.675Li2S-0.325P2S5,7.84E-05,,,
0.7Li2S-0.3P2S5,1.58E-03,0.39,,
0.725Li2S-0.275P2S5,4.51E-04,,,
0.75Li2S-0.25P2S5,3.67E-04,,,
0.6Li2S-0.4SiS2,1.69E-04,,,
0.1LiI-0.9(0.6Li2S-0.4SiS2),2.35E-04,,,
0.2LiI-0.8(0.6Li2S-0.4SiS2),3.52E-04,,,
0.3LiI-0.7(0.6Li2S-0.4SiS2),7.42E-04,,,
0.5Li2S-0.5SiS2,1.58E-06,,,
0.1LiI-0.9(0.5Li2S-0.5SiS2),3.99E-05,,,
0.2LiI-0.8(0.6Li2S-0.4SiS2),1.23E-04,,,
0.3LiI-0.7(0.6Li2S-0.4SiS2),3.62E-04,,,
Li6Si2S7,4.11E-04,0.37,,
0.95Li6Si2S7-0.05Li6B4O9,4.11E-04,0.35,,
0.9Li6Si2S7-0.1Li6B4O9,3.76E-04,0.39,,
0.875Li6Si2S7-0.125Li6B4O9,2.77E-04,0.39,,
0.75Li6Si2S7-0.25Li6B4O9,1.42E-04,0.4,,
0.95Li6Si2S7-0.05Li6B4S9,4.90E-04,0.37,,
0.925Li6Si2S7-0.075Li6B4S9,3.65E-04,0.38,,
0.9Li6Si2S7-0.1Li6B4S9,4.73E-04,0.38,,
0.875Li6Si2S7-0.125Li6B4S9,4.40E-04,0.37,,
0.75Li6Si2S7-0.25Li6B4S9,5.02E-04,0.36,,
0.63Li6Si2S7-0.37Li6B4S9,4.39E-04,0.39,,
(Li2S)60(SiS2)28(P2S5)12,1.23E-03,0.34,,
Li7La3Zr2O12–5 wt% LiPO3,2.50E-06,0.51,,
Li7La3Zr2O12–3 wt% 65Li2O·27B2O3·8SiO2,1.50E-05,0.44,,
Li7La3Zr2O12–5 wt% 40.2Li2O·5.7Y2O3·54.1SiO2,2.50E-05,0.39,,
0.6Li2S-0.4P2S5,3.32E-06,0.52,,
0.667Li2S-0.333P2S5,3.84E-05,0.44,,
0.7Li2S-0.3P2S5,3.77E-05,0.45,,
0.75Li2S-0.25P2S5,2.79E-04,0.4,,
0.8Li2S-0.2P2S5,1.32E-04,0.44,,
 (0.75Li2S-0.25P2S5),2.68E-04,0.26,,
0.95(0.75Li2S-0.25P2S5)-0.05LiBH4,3.98E-04,0.25,,
0.89(0.75Li2S-0.25P2S5)-0.11LiBH4,6.18E-04,0.26,,
0.67(0.75Li2S-0.25P2S5)-0.33LiBH4,1.13E-03,0.21,,
Li7P2.9S10.85Mo0.01,4.80E-03,0.24,,
Li7P3S11,2.60E-03,0.29,,
Li7P2.9Mn0.1S10.7I0.3,5.60E-03,0.22,,
Li11AlP2S12,8.02E-04,0.26,,
Li3PS4,1.78E-04,0.33,,
Li3PS4 – 2 wt% Al2O3,2.27E-04,0.35,,
Li3PS4 – 5 wt% Al2O3,1.96E-04,0.35,,
Li3PS4 – 8 wt% Al2O3,1.60E-04,0.36,,
Li3PS4 – 10 wt% Al2O3,1.50E-04,0.36,,
Li3PS4 – 30 wt% Al2O3,9.96E-05,0.36,,
Li3PS4 – 50 wt% Al2O3,9.38E-07,0.44,,
Li3PS4 – 70 wt% Al2O3,3.92E-08,0.6,,
Li3PS4 – 90 wt% Al2O3,1.54E-09,0.79,,
Li3PS4 – 2 wt% SiO2,2.28E-04,0.32,,
Li3PS4 – 5 wt% SiO2,1.96E-04,0.33,,
Li3PS4 – 8 wt% SiO2,1.60E-04,0.33,,
Li3PS4 – 10 wt% SiO2,1.50E-04,0.33,,
Li3PS4 – 30 wt% SiO2,1.00E-04,0.35,,
Li3PS4 – 50 wt% SiO2,3.80E-05,0.36,,
Li3PS4 – 70 wt% SiO2,5.92E-06,0.38,,
Li3PS4 – 90 wt% SiO2,8.53E-09,0.41,,
Li3PS4 – 5 wt% Li6ZnNb4O14,2.28E-04,0.29,,
Li3PS4 – 10 wt% Li6ZnNb4O14,2.43E-04,0.31,,
Li3PS4 – 15 wt% Li6ZnNb4O14,2.41E-04,0.32,,
Li3PS4 – 20 wt% Li6ZnNb4O14,2.22E-04,0.33,,
Li3PS4 – 30 wt% Li6ZnNb4O14,1.87E-04,0.34,,
Li3PS4 – 50 wt% Li6ZnNb4O14,1.42E-04,0.36,,
Li3PS4 – 70 wt% Li6ZnNb4O14,7.23E-05,0.38,,
Li3PS4 – 90 wt% Li6ZnNb4O14,2.99E-07,0.4,,
Li3PS4 ,1.46E-04,0.38,,
Li3PS4 – 10 wt% Li7La3Zr2O12,2.96E-04,0.36,,
Li3PS4 – 20 wt% Li7La3Zr2O12,3.70E-04,0.35,,
Li3PS4 – 25 wt% Li7La3Zr2O12,4.10E-04,0.35,,
Li3PS4 – 30 wt% Li7La3Zr2O12,5.38E-04,0.36,,
Li3PS4 – 35 wt% Li7La3Zr2O12,4.00E-04,0.36,,
Li3PS4 – 40 wt% Li7La3Zr2O12,3.33E-04,0.36,,
Li3PS4 – 60 wt% Li7La3Zr2O12,2.19E-04,0.4,,
Li3PS4 – 70 wt% Li7La3Zr2O12,1.26E-05,0.43,,
Li3PS4 – 90 wt% Li7La3Zr2O12,6.04E-06,0.44,,
Li7La3Zr2O12,5.20E-08,0.47,,
Li3.45Ge0.45P0.55S3.1Se0.9,9.80E-04,,,
Li3.4Ge0.4P0.6S3.2Se0.8,1.17E-03,,,
Li3.35Ge0.35P0.65S3.3Se0.7,1.20E-03,,,
Li3.3Ge0.3P0.7S3.4Se0.6,1.33E-03,,,
Li3.25Ge0.25P0.75S3.5Se0.5,5.03E-04,,,
Li3.20Ge0.20P0.8S3.6Se0.4,1.08E-03,,,
Li3.15Ge0.15P0.85S3.7Se0.3,8.16E-04,,,
Li3.1Ge0.1P0.9S3.8Se0.2,1.13E-03,,,
Li3.05Ge0.05P0.95S3.9Se0.1,1.41E-03,,,
Li3PS4,9.35E-04,,,
0.8Li2O-0.2P2S5,1.54E-05,,,
0.05Li2S-0.75Li2O-0.2P2S5,1.39E-05,,,
0.1Li2S-0.7Li2O-0.2P2S5,1.59E-05,,,
0.15Li2S-0.65Li2O-0.2P2S5,2.32E-05,,,
0.2Li2S-0.6Li2O-0.2P2S5,2.89E-05,,,
0.25Li2S-0.55Li2O-0.2P2S5,3.80E-05,,,
0.3Li2S-0.5Li2O-0.2P2S5,4.35E-05,,,
0.35Li2S-0.45Li2O-0.2P2S5,5.26E-05,,,
0.4Li2S-0.4Li2O-0.2P2S5,4.45E-05,,,
0.45Li2S-0.35Li2O-0.2P2S5,6.35E-05,,,
0.5Li2S-0.3Li2O-0.2P2S5,8.11E-05,,,
0.55Li2S-0.25Li2O-0.2P2S5,1.12E-04,,,
0.6Li2S-0.2Li2O-0.2P2S5,1.12E-04,,,
0.65Li2S-0.15Li2O-0.2P2S5,1.13E-04,,,
0.7Li2S-0.1Li2O-0.2P2S5,1.09E-04,,,
0.75Li2S-0.05Li2O-0.2P2S5,1.43E-04,,,
0.8Li2S-0.2P2S5,2.99E-04,,,
0.75Li2O-0.25P2S5,1.55E-05,,,
0.05Li2S-0.7Li2O-0.25P2S5,1.42E-05,,,
0.1Li2S-0.65Li2O-0.25P2S5,2.52E-05,,,
0.15Li2S-0.6Li2O-0.25P2S5,2.67E-05,,,
0.2Li2S-0.55Li2O-0.25P2S5,2.74E-05,,,
0.25Li2S-0.5Li2O-0.25P2S5,3.80E-05,,,
0.3Li2S-0.45Li2O-0.25P2S5,5.88E-05,,,
0.35Li2S-0.4Li2O-0.25P2S5,1.33E-05,,,
0.4Li2S-0.35Li2O-0.25P2S5,2.44E-05,,,
0.45Li2S-0.3Li2O-0.25P2S5,2.30E-05,,,
0.5Li2S-0.25Li2O-0.25P2S5,9.56E-06,,,
0.55Li2S-0.2Li2O-0.25P2S5,7.06E-05,,,
0.6Li2S-0.15Li2O-0.25P2S5,9.27E-05,,,
0.65Li2S-0.1Li2O-0.25P2S5,1.15E-04,,,
0.7Li2S-0.05Li2O-0.25P2S5,9.76E-05,,,
0.75Li2S-0.25P2S5,1.60E-04,,,
0.7Li2O-0.3P2S5,5.78E-11,,,
0.05Li2S-0.65Li2O-0.3P2S5,1.51E-08,,,
0.1Li2S-0.6Li2O-0.3P2S5,7.78E-08,,,
0.15Li2S-0.55Li2O-0.3P2S5,2.90E-07,,,
0.2Li2S-0.5Li2O-0.3P2S5,1.67E-05,,,
0.25Li2S-0.45Li2O-0.3P2S5,8.64E-07,,,
0.3Li2S-0.4Li2O-0.3P2S5,1.62E-06,,,
0.35Li2S-0.35Li2O-0.3P2S5,3.68E-06,,,
0.4Li2S-0.3Li2O-0.3P2S5,5.86E-06,,,
0.45Li2S-0.25Li2O-0.3P2S5,5.10E-06,,,
0.5Li2S-0.2Li2O-0.3P2S5,8.33E-06,,,
0.55Li2S-0.15Li2O-0.3P2S5,1.01E-05,,,
0.6Li2S-0.1Li2O-0.3P2S5,2.29E-05,,,
0.65Li2S-0.05Li2O-0.3P2S5,2.48E-05,,,
0.7Li2S- 0.3P2S5,5.34E-05,,,
0.9Li3PS4·10ZnO,2.90E-04,,,
0.7Li2S-0.3P2S5,7.10E-04,0.23,,
0.7Li2S-0.29P2S5-0.01Li3PO4,1.83E-03,0.19,,
0.7Li2S-0.28P2S5-0.02Li3PO4,9.89E-04,0.21,,
0.7Li2S-0.27P2S5-0.03Li3PO4,4.40E-04,0.25,,
0.7Li2S-0.25P2S5-0.05Li3PO4,2.67E-04,0.29,,
0.7Li2S-0.3P2S5,1.67E-03,0.23,,
0.99(0.7Li2S-0.3P2S5)- 0.01Li2ZrO3,2.86E-03,0.18,,
0.98(0.7Li2S-0.3P2S5)- 0.02Li2ZrO3,1.22E-03,0.25,,
0.95(0.7Li2S-0.3P2S5)- 0.05Li2ZrO3,7.42E-04,0.29,,
Li2.7PO3.9,7.00E-08,0.68,,
Li3.6(Si0.19P0.82)O4.2,2.00E-07,0.57,,
Li3.1PO3.8N0.16,2.00E-06,0.57,,
Li3.3PO3.8N0.22,2.40E-06,0.56,,
Li2.9PO3.3N0.46,3.30E-06,0.54,,
Li4.4PO4.3,9.39E-07,0.64,,
Li4.0PO3.9N0.4,1.70E-06,0.62,,
Li3.7PO3.4N0.7,2.36E-06,0.6,,
Li3.5PO3.2N0.8,2.59E-06,0.59,,
Li3.4PO3.1N0.9,2.81E-06,0.58,,
Li3.2PO3.0N,2.99E-06,0.57,,
Li2.9PO2.6N0.91,2.10E-06,0.52,,
Li1.8PO1.2N1.5,1.70E-06,0.49,,
Li3.3PO2.9N0.83,3.10E-06,0.47,,
0.45B2S3-0.55Li2S,8.19E-05,0.23,,
0.815(0.45B2S3-0.55Li2S)-0.185LiI,3.08E-04,0.2,,
0.69(0.45B2S3-0.55Li2S)-0.31LiI,7.58E-04,0.23,,
0.33B2S3-0.67Li2S,2.26E-04,0.31,,
0.95(0.33B2S3-0.67Li2S)-0.05LiI,4.37E-04,0.29,,
0.9(0.33B2S3-0.67Li2S)-0.1LiI,4.81E-04,0.28,,
0.85(0.33B2S3-0.67Li2S)-0.15LiI,4.92E-04,0.28,,
0.75(0.33B2S3-0.67Li2S)-0.25LiI,6.10E-04,0.27,,
0.66(0.33B2S3-0.67Li2S)-0.34LiI,5.22E-04,0.32,,
0.6(0.33B2S3-0.67Li2S)-0.4LiI,4.89E-04,0.35,,
0.29B2S3-0.71Li2S,2.71E-04,0.32,,
0.95(0.29B2S3-0.71Li2S)-0.05LiI,3.72E-04,0.31,,
0.875(0.29B2S3-0.71Li2S)-0.125LiI,6.27E-04,0.29,,
0.78(0.29B2S3-0.71Li2S)-0.22LiI,6.56E-04,0.29,,
0.64(0.29B2S3-0.71Li2S)-0.36LiI,8.10E-04,0.36,,
0.25B2S3-0.75Li2S,3.03E-04,0.36,,
0.92(0.25B2S3-0.75Li2S)-0.08LiI,3.83E-04,0.3,,
0.89(0.25B2S3-0.75Li2S)-0.11LiI,3.48E-04,0.33,,
0.5Li2S-0.5SiS2,4.80E-05,,,
0.985(0.5Li2S-0.5SiS2)-0.015Li3PO4,6.28E-05,,,
0.975(0.5Li2S-0.5SiS2)-0.025Li3PO4,8.76E-05,,,
0.95(0.5Li2S-0.5SiS2)-0.05Li3PO4,8.68E-05,,,
0.9(0.5Li2S-0.5SiS2)-0.1Li3PO4,6.76E-05,,,
0.6Li2S-0.4SiS2,1.85E-04,,,
0.99(0.6Li2S-0.4SiS2)-0.01Li3PO4,2.53E-04,,,
0.97(0.6Li2S-0.4SiS2)-0.03Li3PO4,3.97E-04,,,
0.95(0.6Li2S-0.4SiS2)-0.05Li3PO4,2.03E-04,,,
0.9(0.6Li2S-0.4SiS2)-0.1Li3PO4,5.20E-05,,,
0.61Li2S-0.39SiS2,5.24E-04,,,
0.99(0.61Li2S-0.39SiS2)-0.01Li3PO4,5.05E-04,,,
0.985(0.61Li2S-0.39SiS2)-0.015Li3PO4,5.96E-04,,,
0.98(0.61Li2S-0.39SiS2)-0.02Li3PO4,7.69E-04,,,
0.975(0.61Li2S-0.39SiS2)-0.025Li3PO4,6.36E-04,,,
0.97(0.61Li2S-0.39SiS2)-0.03Li3PO4,5.83E-04,,,
0.95(0.61Li2S-0.39SiS2)-0.05Li3PO4,4.68E-04,,,
0.9(0.61Li2S-0.39SiS2)-0.1Li3PO4,1.28E-04,,,
0.99(0.65Li2S-0.35SiS2)-0.01Li3PO4,3.60E-04,,,
0.97(0.65Li2S-0.35SiS2)-0.03Li3PO4,2.62E-04,,,
0.95(0.65Li2S-0.35SiS2)-0.05Li3PO4,1.81E-04,,,
0.9(0.65Li2S-0.35SiS2)-0.1Li3PO4,7.13E-05,,,
0.7Li2S-0.3P2S5,5.20E-03,,,
LiI,3.07E-07,,,
0.998LiI-0.002CaI2,9.80E-07,,,
0.99LiI-0.01CaI2,5.54E-06,0.43,,
LiI,2.74E-08,0.43,,
0.8LiI-0.2Al2O3,6.84E-06,0.35,,
0.7LiI-0.3Al2O3,2.07E-05,0.33,,
0.6LiI-0.4Al2O3,3.94E-05,0.33,,
0.5LiI-0.5Al2O3,2.58E-05,0.33,,
0.4LiI-0.6Al2O3,6.76E-06,0.37,,
Li3.5P0.5Si0.5O4,4.27E-07,0.57,,
Li3.5P0.5Ge0.5O4,7.89E-06,0.56,,
Li3.5As0.5Si0.5O4,4.05E-06,0.55,,
Li3.5V0.5Si0.5O4,1.20E-05,0.53,,
Li3.5As0.5Ge0.5O4,2.83E-05,0.51,,
Li3.5V0.5Ge0.5O4,3.00E-05,,,
Li3.5As0.5Ti0.5O4,3.22E-05,0.52,,
Li3.5As0.5V0.5O4,4.01E-05,0.49,,
LiHf2(PO4)3-0.1Li2O,1.12E-04,,,
LiHf2(PO4)3-0.2Li2O,2.78E-05,,,
LiHf2(PO4)3-0.3Li2O,2.58E-05,,,
LiHf2(PO4)3-0.4Li2O,3.40E-05,,,
LiTi2(PO4)3,1.69E-06,0.3,,
0.95LiTi2(PO4)3-0.05Li3PO4,5.52E-05,0.29,,
0.9LiTi2(PO4)3-0.1Li3PO4,1.38E-04,0.28,,
0.8LiTi2(PO4)3-0.2Li3PO4,1.93E-04,0.31,,
0.7LiTi2(PO4)3-0.3Li3PO4,2.45E-04,0.3,,
0.95LiTi2(PO4)3-0.05Li3BO3,3.59E-05,0.3,,
0.9LiTi2(PO4)3-0.1Li3BO3,2.54E-04,0.3,,
0.8LiTi2(PO4)3-0.2Li3BO3,2.97E-04,0.3,,
0.7LiTi2(PO4)3-0.3Li3BO3,2.45E-04,0.29,,
0.5LiTi2(PO4)3-0.5Li3BO3,2.73E-05,0.31,,
LiTi2(PO4)3,1.00E-04,,,
LiTi2(PO4)3-0.15LiPO4,6.00E-04,,,
LiTi2(PO4)3-0.3LiPO4,9.92E-04,,,
LiTi2(PO4)3-0.6LiPO4,1.23E-03,,,
LiTi2(PO4)3-0.9LiPO4,1.10E-03,,,
LiTi2(PO4)3-0.15LiBO3,4.80E-04,,,
LiTi2(PO4)3-0.3LiBO3,1.66E-03,,,
LiTi2(PO4)3-0.6LiBO3,1.12E-03,,,
LiTi2(PO4)3-0.9LiBO3,8.91E-04,,,
LiTi2(PO4)3-1.5LiBO3,6.48E-04,,,
LiTi2(PO4)3-0.2Li2SO4,8.35E-04,,,
LiTi2(PO4)3-0.4Li2SO4,1.66E-03,,,
LiTi2(PO4)3-0.6Li2SO4,5.67E-04,,,
LiTi2(PO4)3-0.4LiCl,6.45E-04,,,
LiTi2(PO4)3-0.8LiCl,1.28E-03,,,
LiTi2(PO4)3-1.2LiCl,1.02E-03,,,
LiTi2(PO4)3-0.4LiNO3,1.18E-03,,,
LiTi2(PO4)3-0.8LiNO3,1.49E-03,,,
LiTi2(PO4)3-1.2LiNO3,9.95E-04,,,
Li0.39La0.54TiO3,1.08E-03,0.316,,
(Li0.39La0.54)1.006Al0.006Ti0.994O3,1.13E-03,0.308,,
(Li0.39La0.54)1.01Al0.02Ti0.98O3,1.58E-03,0.278,,
(Li0.39La0.54)1.03Al0.06Ti0.94O3,1.39E-03,0.29,,
(Li0.39La0.54)1.005Cr0.01Ti0.99O3,9.52E-04,0.3,,
(Li0.39La0.54)1.01Cr0.02Ti0.98O3,1.01E-03,0.315,,
(Li0.39La0.54)1.025Cr0.05Ti0.95O3,1.04E-03,0.298,,
La0.51Li0.34TiO2.94,1.00E-03,0.38,,
La0.57Li0.26TiO2.99,1.00E-03,0.34,,
La0.6Li0.16TiO3.01,6.30E-04,0.33,,
La0.64Li0.067TiO3,7.90E-05,0.36,,
(La0.5Li0.5)0.95Sr0.05TiO3,1.49E-03,,,
(La0.5Li0.5)0.9Sr0.1TiO3,1.30E-03,,,
(La0.5Li0.5)0.75Sr0.25TiO3,8.99E-05,,,
(La0.5Li0.5)0.95Ba0.05TiO3,7.61E-04,,,
La0.63Li0.1Mg0.5W0.5O3,1.69E-06,0.39,,
Li0.5La0.5TiO3,8.67E-04,0.28,,
Li0.5La0.5Ti0.98Sn0.02O3,4.86E-04,,,
Li0.5La0.5Ti0.96Sn0.04O3,3.89E-04,,,
Li0.5La0.5Ti0.94Sn0.06O3,3.52E-04,0.294,,
Li0.5La0.5Ti0.9Sn0.1O3,2.60E-04,,,
Li0.5La0.5Ti0.98Zr0.02O3,4.16E-04,,,
Li0.5La0.5Ti0.96Zr0.04O3,2.86E-04,,,
Li0.5La0.5Ti0.94Zr0.06O3,2.23E-04,,,
Li0.5La0.5Ti0.9Zr0.1O3,7.05E-05,,,
Li0.5La0.5Ti0.998Mn0.002O3,9.12E-04,,,
Li0.5La0.5Ti0.996Mn0.004O3,9.64E-04,,,
Li0.5La0.5Ti0.994Mn0.006O3,1.08E-03,,,
Li0.5La0.5Ti0.992Mn0.008O3,1.13E-03,,,
Li0.5La0.5Ti0.99Mn0.01O3,1.13E-03,,,
Li0.5La0.5Ti0.998Ge0.002O3,9.12E-04,,,
Li0.5La0.5Ti0.996Ge0.004O3,9.64E-04,,,
Li0.5La0.5Ti0.994Ge0.006O3,1.08E-03,,,
Li0.5La0.5Ti0.992Ge0.008O3,1.13E-03,0.265,,
Li0.5La0.5Ti0.99Ge0.01O3,1.13E-03,,,
La0.58Li0.36Ti0.95Mg0.05O3,2.10E-04,0.29,,
La0.56Li0.36Ti0.95Al0.05O3,6.40E-04,0.26,,
La0.55Li0.36Ti0.95Mn0.05O3,1.90E-04,0.29,,
La0.55Li0.36Ti0.95Ge0.05O3,3.60E-04,0.29,,
La0.55Li0.36Ti0.95Ru0.05O3,5.20E-05,0.28,,
La0.51Li0.36Ti0.95W0.05O3,7.30E-04,0.27,,
La0.55Li0.36Ti0.9W0.1O3,4.40E-04,0.27,,
La0.55Li0.36Ti0.995Al0.005O3,1.10E-03,0.28,,
La0.55Li0.36Ti0.992Al0.008O3,6.50E-04,0.29,,
La0.54Li0.36Ti0.995W0.005O3,2.60E-04,0.3,,
La0.54Li0.36TiO3,8.90E-04,0.29,,
La0.606Li0.06Ti0.94Al0.06O3,1.68E-06,0.36,,
La0.566Li0.1Ti0.9Al0.1O3,7.34E-06,0.35,,
La0.516Li0.15Ti0.85Al0.15O3,9.66E-06,0.36,,
La0.466Li0.2Ti0.8Al0.2O3,4.28E-05,0.33,,
La0.416Li0.25Ti0.75Al0.25O3,7.66E-05,0.35,,
La0.366Li0.3Ti0.7Al0.3O3,1.72E-05,0.33,,
Li0.12Lao.63TiO3,2.00E-04,,,
Li0.18Lao.61TiO3,4.43E-04,,,
Li0.24Lao.59TiO3,9.93E-04,,,
Li0.3Lao.57TiO3,1.10E-03,,,
Li0.39Lao.54TiO3,1.02E-03,,,
Li0.45Lao.52TiO3,9.05E-04,,,
LiZr2(PO4)3,4.77E-07,,,
Li1.05Al0.05Zr1.9(PO4)3,5.79E-07,,,
Li1.1Al0.1Zr1.8(PO4)3,6.35E-07,,,
Li1.2Al0.2Zr1.6(PO4)3,1.90E-06,0.48,,
Li1.225Al0.225Zr1.55(PO4)3,2.13E-06,0.48,,
Li1.25Al0.25Zr1.5(PO4)3,2.06E-06,0.48,,
Li1.275Al0.275Zr1.45(PO4)3,3.05E-06,0.48,,
Li1.3Al0.3Zr1.4(PO4)3,1.91E-06,0.48,,
LiHf2(P04)3,3.42E-06,,,
LiHfTi(P04)3,5.63E-07,,,
Lio.1Zr1.1Nb0.9P3O12,6.00E-06,,,
LiTi2(PO4)3,1.04E-07,,,
Li1.1Sc0.1Ti1.9(PO4)3,1.75E-05,,,
Li1.2Sc0.2Ti1.8(PO4)3,4.11E-05,0.34,,
Li1.3Sc0.3Ti1.7(PO4)3,4.06E-05,,,
Li1.4Sc0.4Ti1.6(PO4)3,9.43E-06,,,
Li1.5Sc0.5Ti1.5(PO4)3,5.42E-07,,,
Li1.1Y0.1Ti1.9(PO4)3,2.94E-07,,,
Li1.2Y0.2Ti1.8(PO4)3,7.95E-07,,,
Li1.3Y0.3Ti1.7(PO4)3,1.01E-06,0.4,,
Li1.4Y0.4Ti1.6(PO4)3,2.97E-07,,,
LiTi2(PO4)3-0.5LiF,2.32E-04,0.28,,
LiTi2(PO4)3,7.18E-06,0.48,,
14Li2O-9Al2O3-38TiO2-39P2O5,1.30E-03,0.33,,
Li6.6La3Zr1.6Ta0.4O12,3.13E-04,0.38,,
Li6.6La2.875Y0.125Zr1.6Ta0.4O12,3.17E-04,0.35,,
Li6.6La2.75Y0.25Zr1.6Ta0.4O12,4.36E-04,0.34,,
Li6.6La2.5Y0.5Zr1.6Ta0.4O12,2.26E-04,0.39,,
Li2ZrS3,7.30E-06,,,
Li2.2Zn0.1Zr0.9S3,1.20E-04,,,
0.7Li2S-0.3P2S5,8.10E-05,0.425,,
Li7PS6,1.61E-06,0.16,,
